CustomerID,FirstName,LastName,Gender,Email,Phone,Address
CUSID1,Adair,Sheasby,Male,asheasby0@pcworld.com,741-468-2202,6447 Cascade Hill
CUSID2,Hinze,Swinyard,Male,hswinyard1@webs.com,452-122-9284,95 Cambridge Plaza
CUSID3,Lacy,Gabbett,Female,lgabbett2@4shared.com,854-463-9825,11 Nobel Avenue
CUSID4,Blisse,Head,Female,bhead3@admin.ch,943-497-3676,37552 Stephen Plaza
CUSID5,Coretta,Lorne,Female,clorne4@merriam-webster.com,465-701-1421,79 Schurz Way
CUSID6,Torry,Fri,Male,tfri5@sciencedirect.com,579-908-4925,025 Pawling Way
CUSID7,Ranna,Shingfield,Female,rshingfield6@wiley.com,208-894-4944,20624 Vernon Street
CUSID8,Rheta,McFetridge,Female,rmcfetridge7@reverbnation.com,862-933-3541,0483 2nd Way
CUSID9,Angelico,Infante,Male,ainfante8@google.co.uk,641-551-6255,534 Moulton Plaza
CUSID10,Gertrud,Birdsall,Female,gbirdsall9@uiuc.edu,256-181-0956,170 Pine View Park
CUSID11,Aymer,Enriques,Male,aenriquesa@soundcloud.com,383-839-4963,5383 Warrior Alley
CUSID12,Isabelle,Vanichkin,Female,ivanichkinb@soup.io,113-899-7841,94104 Rieder Road
CUSID13,Curtis,Simmons,Male,csimmonsc@com.com,462-880-3434,0 Steensland Alley
CUSID14,Harley,Tiddeman,Female,htiddemand@cam.ac.uk,577-346-7796,600 Bunker Hill Crossing
CUSID15,Marten,Coche,Male,mcochee@bbc.co.uk,363-644-0371,1697 Gateway Terrace
CUSID16,Bastien,Shervington,Male,bshervingtonf@wordpress.com,355-776-0082,82 Calypso Terrace
CUSID17,Andrej,Dumphries,Male,adumphriesg@topsy.com,969-269-8783,824 Hallows Trail
CUSID18,Trix,Barbera,Female,tbarberah@webeden.co.uk,117-806-3907,33 Portage Place
CUSID19,Chrissy,Woodburne,Female,cwoodburnei@ted.com,549-133-2355,15 Morning Point
CUSID20,Jasmina,Sterman,Female,jstermanj@zimbio.com,267-714-0113,8378 Bashford Point
CUSID21,Murial,Doumic,Female,mdoumick@xing.com,708-401-0978,807 Havey Lane
CUSID22,Jaymee,Melton,Female,jmeltonl@si.edu,375-671-7462,422 Main Trail
CUSID23,Ida,Southway,Female,isouthwaym@cornell.edu,104-182-2514,2175 Loeprich Trail
CUSID24,Mureil,Fruser,Female,mfrusern@businesswire.com,329-757-0198,7766 Duke Point
CUSID25,Fancie,Archdeacon,Female,farchdeacono@huffingtonpost.com,209-261-8597,49 Nelson Drive
CUSID26,Burtie,Dowry,Male,bdowryp@cam.ac.uk,218-804-4481,6766 6th Street
CUSID27,Roosevelt,Kenewell,Male,rkenewellq@dyndns.org,266-519-3171,39 Johnson Street
CUSID28,Rebbecca,Gooke,Female,rgooker@archive.org,878-498-2087,42842 Division Hill
CUSID29,Anica,Blanchette,Polygender,ablanchettes@csmonitor.com,321-956-3666,91429 Iowa Center
CUSID30,Elihu,Arman,Male,earmant@merriam-webster.com,219-699-1981,3915 Stuart Alley
CUSID31,Ertha,Lapthorn,Female,elapthornu@imageshack.us,485-534-2967,0357 Del Sol Terrace
CUSID32,Della,Clyne,Female,dclynev@ovh.net,410-389-3201,6475 Grasskamp Parkway
CUSID33,Milo,Ossipenko,Male,mossipenkow@tinypic.com,728-972-2453,68 Surrey Court
CUSID34,Vilma,Keedwell,Female,vkeedwellx@house.gov,800-181-6007,80 East Parkway
CUSID35,Xenos,Longmaid,Male,xlongmaidy@storify.com,925-510-3031,15289 Eastwood Lane
CUSID36,Elsie,Shankle,Female,eshanklez@jalbum.net,980-306-6183,414 Veith Pass
CUSID37,Tiffi,Houseman,Genderfluid,thouseman10@oaic.gov.au,645-243-9155,08 Quincy Alley
CUSID38,Brandie,Johnson,Female,bjohnson11@themeforest.net,567-505-2340,976 Michigan Terrace
CUSID39,Marylinda,Allden,Female,mallden12@unc.edu,148-731-1112,47 Bashford Alley
CUSID40,Benton,Guarin,Male,bguarin13@homestead.com,183-896-4801,41918 Quincy Circle
CUSID41,Forbes,Matchett,Male,fmatchett14@ovh.net,327-112-7107,31 Di Loreto Road
CUSID42,Mag,Gilli,Female,mgilli15@tinyurl.com,879-786-0876,759 Commercial Hill
CUSID43,Tad,Thaxter,Male,tthaxter16@miitbeian.gov.cn,820-827-8535,872 Larry Court
CUSID44,Thorpe,Twinbourne,Male,ttwinbourne17@imdb.com,793-610-4307,89 Buhler Park
CUSID45,Cristiano,Embra,Male,cembra18@booking.com,426-953-6359,4 La Follette Road
CUSID46,Orville,Mollon,Male,omollon19@scribd.com,980-148-7708,35668 Elka Junction
CUSID47,Griffie,Jelf,Male,gjelf1a@ox.ac.uk,119-417-7292,78896 Nevada Junction
CUSID48,Johnnie,Sainsberry,Male,jsainsberry1b@umich.edu,570-511-1771,66 5th Park
CUSID49,Carney,Voller,Male,cvoller1c@comsenz.com,706-328-5351,439 Waywood Avenue
CUSID50,Kandace,Ridulfo,Genderqueer,kridulfo1d@joomla.org,999-557-5523,24 Westerfield Way
CUSID51,Dal,Kubanek,Male,dkubanek1e@homestead.com,305-294-7386,3393 Myrtle Drive
CUSID52,Sheela,Snape,Female,ssnape1f@slashdot.org,458-605-4720,000 Grover Point
CUSID53,Vonny,Cockshott,Genderqueer,vcockshott1g@hc360.com,980-372-2585,070 Waywood Court
CUSID54,Sashenka,McTeggart,Female,smcteggart1h@telegraph.co.uk,615-256-9075,2 Fulton Road
CUSID55,Alec,Rubie,Non-binary,arubie1i@loc.gov,757-140-3712,846 Schiller Center
CUSID56,Michaelina,Darrel,Female,mdarrel1j@goo.gl,350-898-4689,6 South Lane
CUSID57,Libby,Jobe,Female,ljobe1k@nba.com,851-285-8898,10488 Anderson Pass
CUSID58,Sibyl,Hamblett,Male,shamblett1l@thetimes.co.uk,981-541-6073,78226 Meadow Vale Avenue
CUSID59,Ripley,Luxford,Male,rluxford1m@domainmarket.com,294-103-8430,8552 Cardinal Court
CUSID60,Vitia,Bote,Female,vbote1n@intel.com,843-980-0731,101 Towne Road
CUSID61,Maurise,Limpkin,Male,mlimpkin1o@imgur.com,372-724-6952,88 West Drive
CUSID62,Kattie,Bonney,Female,kbonney1p@theguardian.com,176-710-8484,90904 Pine View Center
CUSID63,Gaby,Coon,Non-binary,gcoon1q@blogs.com,690-151-3354,78014 Buhler Plaza
CUSID64,Rhodia,Colnet,Female,rcolnet1r@tinypic.com,801-394-1709,43867 Kropf Court
CUSID65,Farra,Joyes,Non-binary,fjoyes1s@miibeian.gov.cn,515-715-8087,808 Kenwood Junction
CUSID66,Brig,Jarad,Male,bjarad1t@cpanel.net,336-281-1941,4 Ridgeway Crossing
CUSID67,Brnaba,Galvan,Male,bgalvan1u@de.vu,893-431-0981,63 Mcbride Terrace
CUSID68,Susanetta,Behn,Female,sbehn1v@ask.com,532-120-8427,50 Bowman Place
CUSID69,Clyve,Chatelot,Male,cchatelot1w@mapy.cz,396-357-7564,058 Banding Trail
CUSID70,Elsie,Liddington,Female,eliddington1x@washington.edu,689-372-6532,41 Washington Crossing
CUSID71,Sidonia,Trebbett,Female,strebbett1y@techcrunch.com,869-944-1486,6052 Bashford Street
CUSID72,Cassaundra,Duchatel,Female,cduchatel1z@domainmarket.com,264-114-7285,2 Katie Way
CUSID73,Panchito,Petracco,Male,ppetracco20@angelfire.com,657-135-0223,83621 Ryan Street
CUSID74,Winni,Stigers,Female,wstigers21@ehow.com,951-853-3748,3385 Sycamore Lane
CUSID75,Pete,Ivoshin,Male,pivoshin22@usatoday.com,908-179-9588,0792 Farragut Junction
CUSID76,Collete,Milazzo,Female,cmilazzo23@acquirethisname.com,434-260-3216,485 Commercial Point
CUSID77,Laure,Compston,Bigender,lcompston24@facebook.com,857-347-6198,2 Gulseth Park
CUSID78,Franklyn,Mitkov,Male,fmitkov25@nifty.com,482-670-9557,89 Barnett Park
CUSID79,Dyanne,Dank,Female,ddank26@facebook.com,851-256-6922,53 Kim Parkway
CUSID80,Beryl,O'Fogarty,Female,bofogarty27@wikipedia.org,486-337-0263,13467 Rutledge Way
CUSID81,Giselbert,Sargint,Male,gsargint28@irs.gov,274-502-1785,4 Kennedy Alley
CUSID82,Phillip,Van de Castele,Male,pvandecastele29@purevolume.com,892-871-9262,5 Clarendon Parkway
CUSID83,Jerad,Granleese,Male,jgranleese2a@istockphoto.com,766-172-4384,0 Comanche Center
CUSID84,Even,Epsly,Male,eepsly2b@examiner.com,978-338-3051,885 Amoth Crossing
CUSID85,Cross,Blaxlande,Male,cblaxlande2c@techcrunch.com,873-691-9614,2478 Derek Center
CUSID86,Anastasie,Freegard,Female,afreegard2d@merriam-webster.com,544-811-3287,24057 Lyons Alley
CUSID87,Jonell,Tomalin,Female,jtomalin2e@jiathis.com,651-398-0348,182 Di Loreto Lane
CUSID88,Claudio,Barwood,Male,cbarwood2f@webmd.com,514-137-8140,83 Service Court
CUSID89,Tildi,Winder,Female,twinder2g@163.com,754-412-0188,10 2nd Pass
CUSID90,Colas,Collopy,Genderfluid,ccollopy2h@mysql.com,252-301-3574,38 Debs Court
CUSID91,Andreana,Tucknott,Female,atucknott2i@nba.com,763-411-2176,87263 Norway Maple Trail
CUSID92,Derrick,Snowsill,Bigender,dsnowsill2j@domainmarket.com,911-298-0700,87244 Garrison Center
CUSID93,Wendel,Broske,Male,wbroske2k@thetimes.co.uk,607-603-5756,52516 Westport Park
CUSID94,Delores,Lutz,Female,dlutz2l@youtube.com,505-626-5015,3910 Debs Place
CUSID95,Reube,Manclark,Agender,rmanclark2m@skyrock.com,945-487-4646,0 Bobwhite Court
CUSID96,Heidi,Champagne,Female,hchampagne2n@ycombinator.com,203-693-9915,634 Havey Terrace
CUSID97,Marji,Peatman,Female,mpeatman2o@pagesperso-orange.fr,549-306-6150,6 Mallard Court
CUSID98,Moyna,Calvert,Female,mcalvert2p@webs.com,963-805-7907,47333 Anderson Avenue
CUSID99,Sadye,Joye,Genderfluid,sjoye2q@spiegel.de,300-145-0098,5 Florence Street
CUSID100,Simona,Cannings,Bigender,scannings2r@usnews.com,750-602-3664,463 Tony Terrace
CUSID101,Lory,Curner,Female,lcurner2s@biglobe.ne.jp,913-340-4875,8 Mariners Cove Park
CUSID102,Pate,Shevelin,Male,pshevelin2t@phoca.cz,345-921-6644,5235 Butternut Junction
CUSID103,Lorain,Thirwell,Female,lthirwell2u@hao123.com,956-221-0622,83 Merry Terrace
CUSID104,Murvyn,Purple,Male,mpurple2v@dell.com,946-707-6346,88 Bluestem Park
CUSID105,Ansel,Guerola,Male,aguerola2w@bloglovin.com,241-764-1124,7282 Spaight Trail
CUSID106,Meridel,Pales,Female,mpales2x@walmart.com,997-391-1819,78 Forest Run Street
CUSID107,Tillie,Claypoole,Female,tclaypoole2y@delicious.com,246-334-0859,9196 David Pass
CUSID108,Doria,Luscott,Female,dluscott2z@sbwire.com,901-718-0547,5072 School Circle
CUSID109,Carmine,Colebeck,Male,ccolebeck30@eepurl.com,775-631-9865,6876 Menomonie Road
CUSID110,Gaylor,Cordon,Male,gcordon31@discovery.com,493-876-0960,3627 Kim Way
CUSID111,Verine,Wehner,Female,vwehner32@theglobeandmail.com,855-117-7738,7816 Merrick Place
CUSID112,Fiann,Denson,Genderfluid,fdenson33@bluehost.com,724-656-1187,353 Hintze Avenue
CUSID113,Link,Hollidge,Male,lhollidge34@vk.com,263-682-8533,373 Summer Ridge Parkway
CUSID114,Earlie,Coughlin,Non-binary,ecoughlin35@eepurl.com,278-522-3374,0118 Glendale Junction
CUSID115,Cosette,Quenby,Female,cquenby36@archive.org,404-997-2534,4024 Heath Terrace
CUSID116,Yolanda,Taggart,Female,ytaggart37@wp.com,337-210-4399,83263 Garrison Alley
CUSID117,Brigg,Martins,Male,bmartins38@ezinearticles.com,419-209-6313,9 Schmedeman Parkway
CUSID118,Maribel,Bennetto,Female,mbennetto39@cbslocal.com,266-873-3697,4654 Lakewood Center
CUSID119,Vernen,Rochford,Male,vrochford3a@barnesandnoble.com,928-467-5005,7044 Schurz Court
CUSID120,Josefina,Airton,Female,jairton3b@yale.edu,898-878-3587,71 Continental Parkway
CUSID121,Stephannie,McGhee,Agender,smcghee3c@biglobe.ne.jp,345-775-5321,05052 Tennyson Crossing
CUSID122,Dyanna,Cowper,Female,dcowper3d@google.nl,330-289-7900,39 Ramsey Court
CUSID123,Korey,Cartner,Genderfluid,kcartner3e@wunderground.com,103-758-3360,251 Ludington Crossing
CUSID124,Dorena,McGairl,Female,dmcgairl3f@a8.net,483-139-2681,695 Springview Lane
CUSID125,Nan,Esbrook,Female,nesbrook3g@github.io,636-224-4265,25506 Bultman Circle
CUSID126,Aurora,Giles,Female,agiles3h@desdev.cn,330-231-2843,4650 Warbler Road
CUSID127,Caresse,Benck,Female,cbenck3i@tmall.com,718-160-2405,55 Doe Crossing Park
CUSID128,Susan,Garmans,Female,sgarmans3j@nydailynews.com,251-140-3544,0 Mayer Hill
CUSID129,Alix,Naris,Female,anaris3k@house.gov,684-320-9405,27008 Village Green Circle
CUSID130,Rheta,Ferrucci,Bigender,rferrucci3l@flickr.com,953-878-6926,13 Prairie Rose Crossing
CUSID131,Shina,Samper,Female,ssamper3m@bloglines.com,862-745-9010,7 Chive Circle
CUSID132,Ivett,Wallace,Female,iwallace3n@wikispaces.com,430-114-1662,193 Everett Street
CUSID133,Valina,Attrie,Female,vattrie3o@is.gd,761-842-6203,17327 Jackson Place
CUSID134,Dasie,Rotter,Female,drotter3p@plala.or.jp,858-286-8191,98 Lakeland Lane
CUSID135,Eba,Cissell,Female,ecissell3q@rakuten.co.jp,431-411-9010,84025 Kings Place
CUSID136,Myrvyn,Garrould,Male,mgarrould3r@wikispaces.com,816-943-6514,2085 Oriole Court
CUSID137,Cindee,Pirdy,Bigender,cpirdy3s@adobe.com,870-541-1379,92 Pond Terrace
CUSID138,Junie,Ivashchenko,Female,jivashchenko3t@baidu.com,928-721-8287,758 Red Cloud Park
CUSID139,Mufi,Nutbeem,Female,mnutbeem3u@pcworld.com,966-290-6365,944 Hayes Street
CUSID140,Noak,Ohanessian,Male,nohanessian3v@google.pl,809-578-0345,136 Grasskamp Alley
CUSID141,Xaviera,Mateja,Female,xmateja3w@bloglines.com,871-590-4088,3683 Pleasure Way
CUSID142,Rik,Corzon,Male,rcorzon3x@gmpg.org,676-192-7003,3207 Lillian Pass
CUSID143,Jordan,Marple,Male,jmarple3y@mapy.cz,984-272-8175,0 Daystar Junction
CUSID144,Gavan,Normadell,Genderfluid,gnormadell3z@themeforest.net,530-858-5227,6 Michigan Circle
CUSID145,Sanford,Sprules,Male,ssprules40@google.es,264-938-4782,81926 Mitchell Parkway
CUSID146,Monique,Seggie,Female,mseggie41@yelp.com,701-578-3669,35 Dixon Plaza
CUSID147,Marieann,Wickwarth,Female,mwickwarth42@skype.com,280-524-6792,919 Hanson Pass
CUSID148,Morten,Haire,Agender,mhaire43@techcrunch.com,606-779-4900,6014 Eagan Center
CUSID149,Titos,Cadlock,Male,tcadlock44@desdev.cn,774-959-7243,89464 Waywood Plaza
CUSID150,Gallard,Frensche,Male,gfrensche45@123-reg.co.uk,597-147-7781,5769 Anniversary Avenue
CUSID151,Lorens,Malyj,Male,lmalyj46@e-recht24.de,600-776-8821,4 Mayfield Junction
CUSID152,Boothe,Anthona,Male,banthona47@blog.com,648-451-7450,74192 Transport Plaza
CUSID153,Elvina,Gillingham,Polygender,egillingham48@livejournal.com,726-483-0696,54 Village Trail
CUSID154,Veronike,Arni,Non-binary,varni49@soundcloud.com,689-438-0033,3 Huxley Trail
CUSID155,Brinna,California,Female,bcalifornia4a@un.org,644-827-0184,1 Northland Trail
CUSID156,Claudian,Lysons,Genderfluid,clysons4b@who.int,379-844-1027,5 Farmco Pass
CUSID157,Dede,Hughes,Female,dhughes4c@ebay.co.uk,900-186-5046,113 Westridge Point
CUSID158,Stevy,Loweth,Male,sloweth4d@tinypic.com,416-445-4365,505 Hintze Parkway
CUSID159,Dermot,Farrears,Male,dfarrears4e@aboutads.info,658-798-7569,7212 Stone Corner Parkway
CUSID160,Janeta,Schiersch,Female,jschiersch4f@wikipedia.org,186-412-3293,9 Bashford Junction
CUSID161,Sabrina,Crowhurst,Agender,scrowhurst4g@bravesites.com,415-896-7871,5 Melrose Alley
CUSID162,Gus,Strass,Male,gstrass4h@sciencedirect.com,842-253-6524,04571 Pepper Wood Place
CUSID163,Ernestus,Bexon,Male,ebexon4i@msn.com,309-687-1400,428 Anthes Plaza
CUSID164,Chuck,Hannan,Male,channan4j@xinhuanet.com,362-916-6165,089 Memorial Court
CUSID165,Friederike,Picopp,Female,fpicopp4k@tiny.cc,133-291-1681,966 Talisman Park
CUSID166,Sherrie,Sugars,Female,ssugars4l@adobe.com,469-854-2845,4746 Anzinger Junction
CUSID167,Brooke,Loisi,Male,bloisi4m@netscape.com,308-765-4569,84 Sutherland Junction
CUSID168,Forster,Evreux,Male,fevreux4n@reverbnation.com,747-289-9222,60 Independence Center
CUSID169,Arte,Rupke,Male,arupke4o@tiny.cc,699-840-4863,63844 Coolidge Park
CUSID170,Tandi,Pepperrall,Female,tpepperrall4p@nba.com,709-721-1341,1698 Green Park
CUSID171,Nichole,Macken,Male,nmacken4q@sfgate.com,185-436-0261,1 Jackson Terrace
CUSID172,Dorey,Studholme,Female,dstudholme4r@cbslocal.com,103-327-6100,7 Orin Road
CUSID173,Beau,Giannasi,Male,bgiannasi4s@parallels.com,992-485-0251,1 Morning Alley
CUSID174,Janek,Bees,Male,jbees4t@latimes.com,349-657-8821,4956 Dixon Lane
CUSID175,Pierette,Frazer,Female,pfrazer4u@google.nl,642-764-4727,67796 Debra Pass
CUSID176,Vicky,Maddicks,Female,vmaddicks4v@usgs.gov,969-295-2894,931 Blaine Pass
CUSID177,Shepperd,Shelton,Male,sshelton4w@artisteer.com,824-825-0452,51 Lukken Place
CUSID178,Avrom,MacSweeney,Non-binary,amacsweeney4x@tuttocitta.it,982-646-5608,3039 Monterey Pass
CUSID179,Annis,Debenham,Female,adebenham4y@irs.gov,284-957-7958,26757 1st Avenue
CUSID180,Araldo,Goodram,Male,agoodram4z@tmall.com,298-989-6012,98117 Division Circle
CUSID181,Clyve,Cuniffe,Male,ccuniffe50@blogspot.com,202-682-9550,412 Mendota Lane
CUSID182,Wileen,Gheorghescu,Female,wgheorghescu51@twitter.com,114-481-9081,5423 Donald Terrace
CUSID183,Rouvin,Poppy,Male,rpoppy52@amazonaws.com,101-914-1138,76479 Randy Junction
CUSID184,Julianna,Warlton,Bigender,jwarlton53@spotify.com,504-815-5465,281 Leroy Place
CUSID185,Lilllie,Mazdon,Female,lmazdon54@europa.eu,976-664-1147,9 Luster Crossing
CUSID186,Edith,Penley,Agender,epenley55@pagesperso-orange.fr,787-259-8581,3795 Morningstar Road
CUSID187,Robina,Butchart,Female,rbutchart56@moonfruit.com,724-511-5625,27 Monterey Hill
CUSID188,Perren,Eberst,Male,peberst57@businesswire.com,337-926-5954,29962 1st Lane
CUSID189,Bale,Stonhard,Male,bstonhard58@dyndns.org,674-631-9859,35 Johnson Place
CUSID190,Frank,Gilkes,Male,fgilkes59@paginegialle.it,280-780-0388,63 Daystar Place
CUSID191,Benny,Little,Male,blittle5a@ameblo.jp,364-747-9507,2770 Hooker Place
CUSID192,Essa,Brothers,Female,ebrothers5b@livejournal.com,251-971-5791,3 Hanover Pass
CUSID193,Hillard,Ellesworthe,Male,hellesworthe5c@mayoclinic.com,164-440-9930,64 Knutson Pass
CUSID194,Riobard,Roseburgh,Male,rroseburgh5d@ftc.gov,158-973-5332,58158 Delaware Lane
CUSID195,Etty,De Paepe,Female,edepaepe5e@macromedia.com,756-277-1343,3504 Saint Paul Park
CUSID196,Emalia,Bandy,Female,ebandy5f@hhs.gov,309-570-1188,6 Continental Crossing
CUSID197,Hazel,Breward,Male,hbreward5g@slideshare.net,212-851-0028,18 Coleman Crossing
CUSID198,Lucinda,Blemings,Female,lblemings5h@gmpg.org,525-933-6978,75 Darwin Court
CUSID199,Perkin,Chat,Male,pchat5i@sitemeter.com,504-445-1801,6 Milwaukee Plaza
CUSID200,Shurlock,Worsnap,Male,sworsnap5j@drupal.org,579-472-6748,5 2nd Pass
CUSID201,Shaun,Rove,Male,srove5k@tinypic.com,732-472-2014,05373 Prairie Rose Circle
CUSID202,Gracia,Chaplin,Female,gchaplin5l@yellowpages.com,541-261-5716,75725 Bultman Street
CUSID203,Orland,Kondratovich,Male,okondratovich5m@is.gd,709-264-4014,348 American Ash Way
CUSID204,Noreen,Balfe,Female,nbalfe5n@dropbox.com,360-403-9042,1 Ilene Drive
CUSID205,Ned,Sim,Male,nsim5o@comcast.net,460-427-7717,7853 Briar Crest Trail
CUSID206,Kesley,Levey,Female,klevey5p@webmd.com,700-263-9936,032 Gerald Pass
CUSID207,Ora,Ivshin,Female,oivshin5q@g.co,158-945-8616,25 Springs Parkway
CUSID208,Beverly,Mileham,Female,bmileham5r@mayoclinic.com,362-424-2947,66 Colorado Way
CUSID209,Homerus,McKeaney,Male,hmckeaney5s@free.fr,575-908-8652,18 Rowland Way
CUSID210,Mason,Du Pre,Male,mdupre5t@google.nl,428-826-8454,91 Lukken Way
CUSID211,Gerta,Bramhall,Polygender,gbramhall5u@edublogs.org,727-521-0933,467 Manufacturers Junction
CUSID212,Elna,Gilmour,Female,egilmour5v@omniture.com,907-993-3380,08 Cottonwood Park
CUSID213,Clem,Pearne,Male,cpearne5w@about.com,797-507-6790,8 Florence Lane
CUSID214,Constance,Vasic,Female,cvasic5x@apache.org,858-694-5796,8187 Buena Vista Court
CUSID215,Janela,Waber,Bigender,jwaber5y@va.gov,263-612-2319,86 Buell Street
CUSID216,Alvinia,Curbishley,Female,acurbishley5z@pagesperso-orange.fr,753-597-3308,34817 Steensland Place
CUSID217,Elijah,Ventham,Male,eventham60@mtv.com,913-999-6063,20 Rowland Plaza
CUSID218,Cheslie,Jimes,Female,cjimes61@cpanel.net,609-559-4435,32910 Messerschmidt Way
CUSID219,Raye,Moylane,Non-binary,rmoylane62@wsj.com,444-710-2031,5 New Castle Way
CUSID220,Ianthe,Armell,Female,iarmell63@macromedia.com,339-895-5453,70 Grayhawk Court
CUSID221,Lolly,Froud,Female,lfroud64@phpbb.com,567-269-7585,2 Burrows Circle
CUSID222,Bathsheba,Newbold,Female,bnewbold65@ucsd.edu,230-775-7313,60 Division Plaza
CUSID223,Hallie,Brockway,Female,hbrockway66@paypal.com,310-466-8113,413 Union Road
CUSID224,Chadwick,Milberry,Male,cmilberry67@sciencedirect.com,773-207-8054,85 Birchwood Parkway
CUSID225,Bernardine,Maciejewski,Female,bmaciejewski68@mozilla.com,906-995-7726,92876 La Follette Trail
CUSID226,Marillin,Durbyn,Female,mdurbyn69@barnesandnoble.com,343-358-4528,95898 Barby Plaza
CUSID227,Viki,Hemeret,Female,vhemeret6a@wordpress.org,187-966-1720,6 Grasskamp Junction
CUSID228,Lyndsie,Lorkins,Female,llorkins6b@themeforest.net,299-640-1087,55941 Stang Place
CUSID229,Germayne,Blunden,Male,gblunden6c@usgs.gov,709-517-1270,916 Menomonie Parkway
CUSID230,Chrysa,Liccardo,Female,cliccardo6d@stanford.edu,618-513-6963,97 Welch Hill
CUSID231,Tabby,Sive,Male,tsive6e@arizona.edu,191-149-7209,7 Eagan Lane
CUSID232,Shelton,Zettler,Male,szettler6f@ebay.com,164-790-0040,5 Mockingbird Terrace
CUSID233,Flo,Hixley,Female,fhixley6g@harvard.edu,241-848-6051,6 Hagan Park
CUSID234,Jayson,Morigan,Male,jmorigan6h@bizjournals.com,609-621-1000,555 Derek Way
CUSID235,Vin,Eicke,Male,veicke6i@earthlink.net,313-975-8038,49380 Columbus Way
CUSID236,Alyosha,Adamovicz,Male,aadamovicz6j@is.gd,775-427-4095,272 Lyons Crossing
CUSID237,Gusella,Josefowicz,Female,gjosefowicz6k@acquirethisname.com,397-897-4623,908 Meadow Ridge Hill
CUSID238,Feodor,Kidston,Polygender,fkidston6l@flavors.me,289-743-9642,7873 Towne Lane
CUSID239,Marietta,Lantiff,Female,mlantiff6m@mayoclinic.com,362-295-7697,09360 Sommers Place
CUSID240,Fae,Joules,Female,fjoules6n@mayoclinic.com,655-710-9668,9 Jana Drive
CUSID241,Jozef,Mohammed,Bigender,jmohammed6o@yahoo.com,809-146-7277,0835 Florence Crossing
CUSID242,Brook,Turbat,Male,bturbat6p@bigcartel.com,969-814-3026,7 Bashford Drive
CUSID243,Gardener,Notley,Male,gnotley6q@msu.edu,102-665-2042,281 Sutherland Street
CUSID244,Glendon,Chisnell,Genderfluid,gchisnell6r@bigcartel.com,108-711-3040,70993 Glendale Street
CUSID245,Claiborn,Nitti,Male,cnitti6s@twitpic.com,222-471-0301,0 Carioca Drive
CUSID246,Frederigo,Daskiewicz,Male,fdaskiewicz6t@phpbb.com,736-404-2872,12188 Russell Drive
CUSID247,Chelsie,Blemings,Female,cblemings6u@thetimes.co.uk,469-989-6622,63 Ridgeview Place
CUSID248,Caesar,MacGiany,Male,cmacgiany6v@forbes.com,190-932-2641,667 Fisk Plaza
CUSID249,Alissa,Gladwin,Female,agladwin6w@angelfire.com,513-944-2127,4 Packers Circle
CUSID250,Suki,Skokoe,Female,sskokoe6x@icq.com,884-142-1428,511 Pleasure Road
CUSID251,Tann,Morais,Male,tmorais6y@acquirethisname.com,480-727-1849,33 Lukken Court
CUSID252,Kenneth,Patridge,Male,kpatridge6z@bandcamp.com,782-594-4587,1841 Corscot Place
CUSID253,Glen,Stansbie,Female,gstansbie70@creativecommons.org,242-143-2320,3782 Old Gate Plaza
CUSID254,Cary,Castanos,Bigender,ccastanos71@reddit.com,101-402-1180,8 Lotheville Terrace
CUSID255,Angelle,Redmond,Female,aredmond72@digg.com,500-407-9877,4444 Cordelia Drive
CUSID256,Wolf,Josskowitz,Male,wjosskowitz73@howstuffworks.com,217-328-1668,0 Burning Wood Hill
CUSID257,Hobey,Minucci,Male,hminucci74@ezinearticles.com,311-464-7348,95567 Truax Way
CUSID258,Roarke,Bulcock,Male,rbulcock75@theglobeandmail.com,582-204-7989,1 Derek Point
CUSID259,Faith,Annion,Female,fannion76@yahoo.co.jp,422-486-0662,6 Mitchell Way
CUSID260,Kev,Tilburn,Male,ktilburn77@hc360.com,779-961-6064,3012 Rockefeller Hill
CUSID261,Hally,Hadny,Female,hhadny78@cbc.ca,212-443-1303,78211 Dakota Street
CUSID262,Stormy,Drysdale,Female,sdrysdale79@multiply.com,633-825-0979,14006 Derek Park
CUSID263,Ashli,Caldayrou,Non-binary,acaldayrou7a@msn.com,296-990-9419,455 Fordem Center
CUSID264,Tarrance,Lambersen,Genderqueer,tlambersen7b@gov.uk,837-770-8009,29 Summerview Parkway
CUSID265,Keen,Stennine,Male,kstennine7c@yandex.ru,483-741-5338,338 Comanche Lane
CUSID266,Ruby,Brobyn,Male,rbrobyn7d@china.com.cn,812-255-4747,3743 Acker Street
CUSID267,Dunn,Book,Male,dbook7e@booking.com,921-858-9167,438 Lyons Center
CUSID268,Rog,Slatten,Male,rslatten7f@vinaora.com,657-620-9216,8 Grim Alley
CUSID269,Parker,Kefford,Male,pkefford7g@slideshare.net,872-502-3466,7306 Hallows Center
CUSID270,Jocelin,Makepeace,Female,jmakepeace7h@reddit.com,164-152-5041,154 Susan Junction
CUSID271,Cull,Winkless,Male,cwinkless7i@merriam-webster.com,382-573-8964,4625 Anthes Street
CUSID272,Meryl,Richardot,Male,mrichardot7j@usatoday.com,111-932-1553,618 Grayhawk Lane
CUSID273,Ingeborg,Revens,Female,irevens7k@ow.ly,737-521-1490,87693 Forest Dale Court
CUSID274,Evanne,Creighton,Female,ecreighton7l@last.fm,224-879-6755,74 Coolidge Lane
CUSID275,Ram,Pauncefoot,Male,rpauncefoot7m@cnbc.com,270-223-6566,97724 East Park
CUSID276,Cecilius,Rishman,Agender,crishman7n@wiley.com,156-705-2772,3 Carey Way
CUSID277,Wylma,Scambler,Non-binary,wscambler7o@umich.edu,812-401-5003,01407 Fair Oaks Pass
CUSID278,Reidar,Wharton,Male,rwharton7p@twitter.com,520-232-6700,60781 Banding Parkway
CUSID279,Shay,Kingzet,Male,skingzet7q@elpais.com,477-485-9698,7 Tennyson Hill
CUSID280,Alane,Healings,Female,ahealings7r@mit.edu,168-462-2034,46585 Oak Valley Center
CUSID281,Zedekiah,Riggs,Male,zriggs7s@google.pl,871-911-8079,6 Pepper Wood Lane
CUSID282,Cate,Elsmere,Female,celsmere7t@geocities.jp,314-420-0508,8406 Scofield Terrace
CUSID283,Isiahi,Godier,Genderqueer,igodier7u@quantcast.com,306-340-4987,7 Texas Plaza
CUSID284,Ronalda,Eberst,Female,reberst7v@sbwire.com,148-451-6622,8963 Utah Center
CUSID285,Fowler,Ivanichev,Male,fivanichev7w@ow.ly,163-634-1092,54 Pennsylvania Avenue
CUSID286,Arni,Hum,Genderqueer,ahum7x@dell.com,256-557-2424,91 Esch Center
CUSID287,Laurens,Blackborn,Male,lblackborn7y@hexun.com,292-552-3693,7458 International Street
CUSID288,Camella,Enrich,Female,cenrich7z@bloglovin.com,603-562-9911,76 Drewry Lane
CUSID289,Elvera,Shilstone,Female,eshilstone80@kickstarter.com,606-924-8436,7775 Talisman Road
CUSID290,Georgianne,Maasze,Female,gmaasze81@acquirethisname.com,400-706-9586,16023 Lakewood Road
CUSID291,Ricard,Gillmor,Male,rgillmor82@ox.ac.uk,965-119-4943,0135 Monica Street
CUSID292,Dun,Devonish,Male,ddevonish83@ustream.tv,334-834-7940,82 Waubesa Court
CUSID293,Freddy,Rooze,Male,frooze84@comsenz.com,428-554-0915,540 Buhler Trail
CUSID294,Sissy,Brighty,Female,sbrighty85@yahoo.co.jp,965-509-1440,0745 Sachs Trail
CUSID295,Gabbi,Sennett,Female,gsennett86@creativecommons.org,977-920-6341,9 Pearson Avenue
CUSID296,Artemis,Goatcher,Male,agoatcher87@cnn.com,973-914-2203,86328 Sullivan Place
CUSID297,Tammie,Wasiel,Polygender,twasiel88@pbs.org,567-197-4980,03 Ridge Oak Plaza
CUSID298,Chelsy,O' Driscoll,Female,codriscoll89@google.de,614-443-5407,687 Westport Pass
CUSID299,Josepha,O'Brian,Female,jobrian8a@tuttocitta.it,489-777-7355,86703 Dwight Parkway
CUSID300,Doll,MacIlraith,Female,dmacilraith8b@discovery.com,533-764-2023,38284 Calypso Point
CUSID301,Davis,McSperrin,Male,dmcsperrin8c@51.la,656-316-1257,9 Thompson Point
CUSID302,Patten,Gardner,Polygender,pgardner8d@npr.org,569-513-5960,78 Mallory Point
CUSID303,Kristian,Gascone,Male,kgascone8e@ebay.com,998-617-2196,05784 Emmet Alley
CUSID304,Franzen,Phlippi,Male,fphlippi8f@imdb.com,448-840-2167,73 Emmet Alley
CUSID305,Denni,De Metz,Female,ddemetz8g@nytimes.com,103-779-0653,145 Hayes Circle
CUSID306,Nadeen,Grafhom,Female,ngrafhom8h@latimes.com,351-561-9560,874 Reinke Point
CUSID307,Candida,Swinley,Female,cswinley8i@blogs.com,905-433-4019,728 High Crossing Place
CUSID308,Giacobo,Mellows,Male,gmellows8j@accuweather.com,998-339-6158,99560 Dahle Alley
CUSID309,Angelica,Jose,Female,ajose8k@nps.gov,313-306-0554,93788 Carpenter Avenue
CUSID310,Cliff,Francino,Male,cfrancino8l@mashable.com,856-540-6650,2952 Caliangt Point
CUSID311,Wade,Ansill,Male,wansill8m@guardian.co.uk,790-971-5054,64 Debra Pass
CUSID312,Bobbe,Last,Female,blast8n@canalblog.com,447-242-3528,195 Maple Pass
CUSID313,Gaylord,Ceccoli,Male,gceccoli8o@technorati.com,144-650-4398,8789 8th Park
CUSID314,Joscelin,Hollingdale,Female,jhollingdale8p@adobe.com,978-409-1732,91 Washington Point
CUSID315,Haley,Mapledoram,Male,hmapledoram8q@hud.gov,418-528-5401,77293 Westend Circle
CUSID316,Leisha,Andrick,Female,landrick8r@hc360.com,882-924-0633,55059 Pleasure Junction
CUSID317,Andi,Trethowan,Genderqueer,atrethowan8s@fda.gov,933-465-5282,329 Reinke Center
CUSID318,Wallis,Jockle,Male,wjockle8t@cisco.com,191-553-4670,660 Stuart Terrace
CUSID319,Netty,Watkiss,Female,nwatkiss8u@webs.com,641-347-1198,41583 Bonner Place
CUSID320,Alena,Fitton,Female,afitton8v@auda.org.au,631-327-3379,05 Emmet Street
CUSID321,Charisse,Alltimes,Female,calltimes8w@hexun.com,991-617-1251,906 Everett Street
CUSID322,Ailis,Van Rembrandt,Female,avanrembrandt8x@theatlantic.com,418-701-8733,6 Melvin Way
CUSID323,Linnell,Paddick,Female,lpaddick8y@indiegogo.com,597-733-5174,597 Pond Street
CUSID324,Skylar,Maypes,Male,smaypes8z@slideshare.net,659-912-9272,30 Elgar Park
CUSID325,Raffarty,Trevear,Male,rtrevear90@rambler.ru,176-535-9327,25774 Northview Terrace
CUSID326,Russ,Padbery,Male,rpadbery91@fda.gov,155-240-5932,3826 Oriole Hill
CUSID327,Desmond,Leathem,Polygender,dleathem92@jimdo.com,455-566-6051,44 Di Loreto Parkway
CUSID328,Emili,Castanie,Female,ecastanie93@chicagotribune.com,152-725-1183,8 Jay Terrace
CUSID329,Alwin,Armer,Male,aarmer94@acquirethisname.com,209-128-4704,78539 Monterey Street
CUSID330,Kata,Joost,Female,kjoost95@diigo.com,714-732-8902,76 Pond Lane
CUSID331,Marilyn,Berth,Female,mberth96@surveymonkey.com,137-914-2132,85502 Fremont Plaza
CUSID332,Minnie,Carbery,Female,mcarbery97@hao123.com,637-794-1000,2506 Westerfield Place
CUSID333,Mitchell,Baumer,Male,mbaumer98@ameblo.jp,774-129-0479,1 Schmedeman Road
CUSID334,Giustina,Diego,Female,gdiego99@cbc.ca,423-887-6925,72 Luster Park
CUSID335,Carmelia,Bellison,Genderfluid,cbellison9a@umich.edu,437-280-3866,993 Oak Valley Plaza
CUSID336,Carl,Wavish,Male,cwavish9b@last.fm,941-765-4096,50 Elgar Street
CUSID337,Dionne,Pettko,Female,dpettko9c@springer.com,825-447-7508,4526 Northport Terrace
CUSID338,Lanie,Sainz,Female,lsainz9d@about.com,870-599-9962,831 Petterle Street
CUSID339,Fey,Tack,Agender,ftack9e@wp.com,656-216-2888,52664 David Hill
CUSID340,Eugenie,Ortmann,Genderqueer,eortmann9f@baidu.com,894-181-0983,037 Utah Circle
CUSID341,Arleyne,Kincaid,Female,akincaid9g@go.com,526-212-4112,7 Mccormick Drive
CUSID342,Harwell,Corbally,Male,hcorbally9h@jugem.jp,986-800-0901,193 Mallard Street
CUSID343,Gottfried,Salaman,Male,gsalaman9i@wp.com,853-998-5923,690 Lindbergh Circle
CUSID344,Chickie,Butland,Male,cbutland9j@artisteer.com,506-475-7201,0926 Village Court
CUSID345,Greg,Symes,Male,gsymes9k@photobucket.com,393-485-1122,9168 Annamark Circle
CUSID346,Mallory,Oxberry,Male,moxberry9l@soundcloud.com,362-642-3975,360 Elgar Hill
CUSID347,Carlynne,Blockey,Female,cblockey9m@nps.gov,813-507-4064,22 Dexter Way
CUSID348,Elia,Espadero,Male,eespadero9n@pbs.org,766-308-3076,875 Fulton Parkway
CUSID349,Sandi,Casone,Female,scasone9o@hugedomains.com,862-190-1388,64 Veith Alley
CUSID350,Noble,Compton,Genderfluid,ncompton9p@naver.com,411-303-4371,5306 Fulton Pass
CUSID351,Farly,Lantoph,Male,flantoph9q@slashdot.org,353-926-4992,0 Stuart Drive
CUSID352,Grannie,Backman,Male,gbackman9r@paypal.com,284-605-3127,297 Stang Park
CUSID353,Irving,Dowbiggin,Male,idowbiggin9s@odnoklassniki.ru,452-519-3264,15207 South Way
CUSID354,Lise,Branno,Female,lbranno9t@webeden.co.uk,242-575-1794,170 Village Drive
CUSID355,Grover,de Marco,Male,gdemarco9u@webnode.com,928-703-0179,67 Oriole Way
CUSID356,Arnoldo,Futter,Male,afutter9v@networksolutions.com,796-390-3308,00732 Pepper Wood Terrace
CUSID357,Hewitt,MacNamara,Male,hmacnamara9w@stanford.edu,836-658-5339,6 Erie Terrace
CUSID358,Turner,Hague,Male,thague9x@usda.gov,780-164-7622,5257 Roxbury Trail
CUSID359,Dulcinea,Klamman,Female,dklamman9y@google.ru,525-640-8389,4 Stone Corner Point
CUSID360,Gifford,Surpliss,Male,gsurpliss9z@zdnet.com,900-873-1921,2080 Monica Way
CUSID361,Skell,Flaune,Male,sflaunea0@toplist.cz,745-559-5645,6187 Mockingbird Road
CUSID362,Hoebart,Sawkins,Male,hsawkinsa1@sciencedirect.com,393-418-6838,0 Larry Parkway
CUSID363,Devland,Bulluck,Male,dbullucka2@ebay.com,532-591-1831,00 High Crossing Park
CUSID364,Templeton,Bassett,Male,tbassetta3@deviantart.com,215-159-2096,9 Pond Trail
CUSID365,Trescha,Mullaney,Bigender,tmullaneya4@alibaba.com,377-461-5675,7299 Kenwood Plaza
CUSID366,Bailey,Dudley,Male,bdudleya5@plala.or.jp,312-787-1588,291 Delaware Terrace
CUSID367,Debera,Lorkin,Female,dlorkina6@army.mil,775-569-9575,18 Menomonie Park
CUSID368,Dulcine,Cattel,Female,dcattela7@webeden.co.uk,420-848-1287,8684 Nova Court
CUSID369,Iona,Ashlin,Female,iashlina8@digg.com,734-384-4281,430 Porter Park
CUSID370,Ginni,Buckhurst,Female,gbuckhursta9@issuu.com,686-519-5134,9351 Ryan Junction
CUSID371,Reinhold,Roscam,Male,rroscamaa@hp.com,762-574-1828,3 Mitchell Circle
CUSID372,Johannes,Fitchew,Male,jfitchewab@nps.gov,456-521-5311,64 Briar Crest Drive
CUSID373,Vittorio,Bail,Male,vbailac@netscape.com,806-809-3668,2 Mcbride Street
CUSID374,Kalindi,Leacy,Female,kleacyad@yolasite.com,815-853-2199,1 Pleasure Junction
CUSID375,Guinna,de Bullion,Female,gdebullionae@mozilla.com,603-500-2571,13 Di Loreto Place
CUSID376,Garald,Planke,Male,gplankeaf@aboutads.info,523-946-1720,57 Buell Crossing
CUSID377,Garrick,Aloshechkin,Male,galoshechkinag@ed.gov,991-272-5269,770 Norway Maple Junction
CUSID378,Jazmin,Yerby,Female,jyerbyah@purevolume.com,127-150-9685,1251 Tennessee Court
CUSID379,Onfre,Briance,Male,obrianceai@dion.ne.jp,208-578-3728,81 Spenser Pass
CUSID380,Griffy,Koopman,Male,gkoopmanaj@psu.edu,566-109-0278,48408 Elka Drive
CUSID381,Shurlock,Iacopini,Male,siacopiniak@plala.or.jp,536-913-0265,79 Prairieview Road
CUSID382,Alic,Ramshaw,Male,aramshawal@skype.com,878-105-4947,187 Norway Maple Lane
CUSID383,Esmeralda,Mowlam,Female,emowlamam@mapy.cz,866-679-2109,9658 American Ash Place
CUSID384,Carson,Hardern,Male,chardernan@sakura.ne.jp,515-120-5877,87884 Schlimgen Way
CUSID385,Wandie,Martygin,Bigender,wmartyginao@w3.org,338-185-6676,1188 Dakota Point
CUSID386,Merci,Maceur,Female,mmaceurap@yahoo.com,541-633-3449,44945 Goodland Pass
CUSID387,Cass,Laffling,Genderfluid,clafflingaq@over-blog.com,819-441-2521,88 Truax Avenue
CUSID388,Rene,Hamblyn,Male,rhamblynar@odnoklassniki.ru,464-425-8137,46777 Sunbrook Alley
CUSID389,Dyann,Cramp,Genderqueer,dcrampas@github.com,801-651-7009,053 Beilfuss Crossing
CUSID390,Leodora,Perfect,Female,lperfectat@lulu.com,312-599-8965,5 Thompson Lane
CUSID391,Forster,Briamo,Male,fbriamoau@typepad.com,970-690-2141,46 Gale Trail
CUSID392,Alyce,Karolczyk,Non-binary,akarolczykav@networksolutions.com,871-988-1375,66267 Farmco Terrace
CUSID393,Marline,Marishenko,Female,mmarishenkoaw@cocolog-nifty.com,417-539-4532,0366 Petterle Lane
CUSID394,Lindsey,Kirkup,Male,lkirkupax@rakuten.co.jp,829-933-9060,665 Schmedeman Parkway
CUSID395,Helen,Bulman,Female,hbulmanay@nih.gov,128-993-9692,4145 Main Place
CUSID396,Clareta,Sides,Female,csidesaz@constantcontact.com,429-134-0147,06719 Schiller Center
CUSID397,Demetrius,Skipworth,Male,dskipworthb0@51.la,321-201-8294,72 Dawn Plaza
CUSID398,Mariam,Cornu,Female,mcornub1@linkedin.com,645-392-9023,44393 Grim Park
CUSID399,Allistir,Roche,Male,arocheb2@sohu.com,605-745-9077,16144 Dottie Trail
CUSID400,Conchita,Burdett,Female,cburdettb3@msn.com,445-331-5896,2954 Pennsylvania Circle
CUSID401,Saudra,Hallowell,Female,shallowellb4@goodreads.com,151-352-6890,89181 Johnson Way
CUSID402,Whitman,Snowling,Male,wsnowlingb5@mashable.com,756-846-3925,8 Oakridge Drive
CUSID403,Amery,Dennerly,Male,adennerlyb6@godaddy.com,885-291-6563,87131 Welch Crossing
CUSID404,Dionysus,Saphin,Male,dsaphinb7@prweb.com,965-614-9285,71349 Lakewood Hill
CUSID405,Winn,Norbury,Male,wnorburyb8@huffingtonpost.com,878-725-0947,854 Shopko Place
CUSID406,Allie,Baiyle,Male,abaiyleb9@cloudflare.com,985-674-0461,4 Village Green Road
CUSID407,Kylila,Rolingson,Female,krolingsonba@seesaa.net,739-351-6051,3 Boyd Center
CUSID408,Charo,Pantone,Female,cpantonebb@paypal.com,280-435-4074,6443 Delladonna Way
CUSID409,Lowrance,Cockerell,Male,lcockerellbc@phoca.cz,120-177-0722,04 Stang Junction
CUSID410,Ernesto,Futcher,Male,efutcherbd@jalbum.net,109-393-7202,8908 Morning Point
CUSID411,Kelley,Cossins,Female,kcossinsbe@google.co.jp,436-837-3954,95 Maryland Plaza
CUSID412,Damian,Hully,Male,dhullybf@creativecommons.org,561-969-6938,3343 Moose Hill
CUSID413,Pincus,Champagne,Male,pchampagnebg@weather.com,789-450-7082,5983 Union Court
CUSID414,Brig,Ragsdall,Genderfluid,bragsdallbh@sciencedaily.com,305-766-5272,5856 Moulton Lane
CUSID415,Marni,Hamel,Female,mhamelbi@dropbox.com,922-298-8906,7 East Circle
CUSID416,Sandy,Widdall,Female,swiddallbj@blog.com,850-973-0043,5 Surrey Avenue
CUSID417,Woodie,Buxsy,Male,wbuxsybk@paginegialle.it,144-687-3193,576 Londonderry Park
CUSID418,Shermy,Landre,Male,slandrebl@posterous.com,118-973-9637,4224 Bluejay Alley
CUSID419,Thayne,Pagin,Male,tpaginbm@columbia.edu,251-674-6317,7 Claremont Lane
CUSID420,Catlee,Matelyunas,Female,cmatelyunasbn@zimbio.com,714-841-0965,98 Maywood Junction
CUSID421,Haven,Guswell,Male,hguswellbo@salon.com,230-792-0811,85250 5th Junction
CUSID422,Arabella,Pyburn,Genderqueer,apyburnbp@mac.com,716-540-6754,4 John Wall Alley
CUSID423,Lexy,Duggon,Agender,lduggonbq@europa.eu,959-430-1250,2300 Dryden Junction
CUSID424,Ingelbert,Gouch,Male,igouchbr@symantec.com,883-131-2530,900 Valley Edge Hill
CUSID425,Meredithe,Phythian,Female,mphythianbs@youtube.com,319-858-8851,32 Maple Park
CUSID426,Moise,Brigham,Male,mbrighambt@blogger.com,752-611-6781,32183 Tennyson Pass
CUSID427,Fae,Stobo,Female,fstobobu@feedburner.com,767-626-4502,2 Garrison Pass
CUSID428,Robbin,Strettell,Female,rstrettellbv@vinaora.com,737-836-5639,2 Cody Center
CUSID429,Gerri,Angel,Male,gangelbw@hostgator.com,864-882-5342,89 Barnett Terrace
CUSID430,Cary,Fairlie,Female,cfairliebx@theatlantic.com,173-953-5240,8 Kennedy Park
CUSID431,Odey,Harrild,Genderqueer,oharrildby@istockphoto.com,763-602-6778,5564 Ohio Drive
CUSID432,Lana,Radborn,Female,lradbornbz@prweb.com,315-498-1128,78087 Homewood Crossing
CUSID433,Jessika,Michel,Female,jmichelc0@adobe.com,358-769-6640,7 Meadow Ridge Crossing
CUSID434,Darb,Pascall,Female,dpascallc1@elpais.com,631-548-1812,7114 Ridgeview Center
CUSID435,Melisent,Michele,Female,mmichelec2@shareasale.com,626-309-4921,76648 Sunnyside Trail
CUSID436,Phil,Barlthrop,Female,pbarlthropc3@wikimedia.org,749-614-2890,5 Division Place
CUSID437,Aubrie,Abate,Female,aabatec4@ed.gov,396-642-1623,9356 Charing Cross Junction
CUSID438,Connie,De Vaux,Female,cdevauxc5@exblog.jp,401-792-5723,68642 Dovetail Point
CUSID439,Pierrette,Heathcott,Female,pheathcottc6@soundcloud.com,987-178-1908,8141 Burrows Avenue
CUSID440,Brigitte,Stook,Female,bstookc7@washington.edu,741-906-4764,10 Shoshone Trail
CUSID441,Larisa,Teodorski,Female,lteodorskic8@kickstarter.com,798-439-0424,19 Clove Junction
CUSID442,Keary,Siggery,Male,ksiggeryc9@buzzfeed.com,447-884-2162,1056 Thierer Point
CUSID443,Harper,Latter,Male,hlatterca@cbslocal.com,513-813-0103,5719 Morning Place
CUSID444,Maire,Weightman,Agender,mweightmancb@businessweek.com,227-549-7268,279 Oak Valley Junction
CUSID445,Cathe,Elfes,Female,celfescc@sina.com.cn,464-645-5360,30 Rowland Plaza
CUSID446,Sharl,Thackray,Polygender,sthackraycd@usnews.com,368-155-3895,59 Onsgard Avenue
CUSID447,Tiffy,Wynn,Female,twynnce@scientificamerican.com,890-936-1484,91422 Ryan Place
CUSID448,Starlin,Turrell,Female,sturrellcf@umich.edu,645-812-6627,472 Bowman Court
CUSID449,Any,Ondracek,Male,aondracekcg@elpais.com,717-754-2916,269 6th Terrace
CUSID450,Madison,Djurevic,Male,mdjurevicch@prlog.org,202-750-8578,586 Mallory Parkway
CUSID451,Harriet,Mitton,Bigender,hmittonci@cnbc.com,732-258-3073,10162 Anhalt Crossing
CUSID452,Kathlin,Ellery,Female,kellerycj@zimbio.com,269-920-6892,56 Westport Hill
CUSID453,Rozamond,Shinfield,Female,rshinfieldck@comcast.net,314-463-5970,796 Briar Crest Terrace
CUSID454,Reine,Jiroutka,Female,rjiroutkacl@wikimedia.org,496-777-6478,2784 North Court
CUSID455,Evangelina,Angus,Female,eanguscm@zimbio.com,780-670-9096,6407 Waxwing Lane
CUSID456,Brigit,Ondrich,Female,bondrichcn@shareasale.com,960-645-9026,7 Stuart Junction
CUSID457,Zandra,Smiths,Female,zsmithsco@themeforest.net,160-382-5916,0083 Hanover Pass
CUSID458,Noelyn,MacMorland,Agender,nmacmorlandcp@wordpress.com,209-443-1084,19 Village Green Point
CUSID459,Elwood,Andreev,Male,eandreevcq@hao123.com,564-814-4300,76 Oak Valley Drive
CUSID460,Raquela,Leftbridge,Female,rleftbridgecr@domainmarket.com,239-498-5140,3 Randy Plaza
CUSID461,Tiebold,Philipps,Male,tphilippscs@pcworld.com,769-228-7773,612 Dunning Way
CUSID462,Randall,Maffetti,Male,rmaffettict@hao123.com,730-537-0086,787 Bashford Court
CUSID463,George,Jozwiak,Male,gjozwiakcu@nature.com,-634-2192,7 Hayes Avenue
CUSID464,Mira,Rosnau,Female,mrosnaucv@gravatar.com,464-974-5644,2 Morningstar Avenue
CUSID465,Wiley,McBoyle,Male,wmcboylecw@samsung.com,974-586-8529,53 Gateway Way
CUSID466,Karlotta,Gumme,Genderqueer,kgummecx@fc2.com,667-863-6509,2 Hollow Ridge Hill
CUSID467,Ted,Hyndman,Male,thyndmancy@patch.com,572-445-3156,9261 Tennyson Way
CUSID468,Delcine,Garner,Bigender,dgarnercz@time.com,568-600-5975,8898 Huxley Center
CUSID469,Rollin,Tailour,Male,rtailourd0@uiuc.edu,576-554-1750,6758 Meadow Ridge Center
CUSID470,Vonnie,Kirimaa,Female,vkirimaad1@abc.net.au,193-194-8387,02 Northview Pass
CUSID471,Reggi,Stadden,Female,rstaddend2@ask.com,128-708-8143,6032 Northridge Way
CUSID472,Bruce,Archanbault,Male,barchanbaultd3@acquirethisname.com,191-612-7307,1 Everett Crossing
CUSID473,Filip,Marshland,Male,fmarshlandd4@spiegel.de,599-624-7164,30293 Rieder Road
CUSID474,Gussie,Talmadge,Female,gtalmadged5@drupal.org,474-750-2101,008 Emmet Way
CUSID475,Wilhelm,Greydon,Male,wgreydond6@skype.com,670-575-4399,4 Loftsgordon Parkway
CUSID476,Merrill,Stollenhof,Genderfluid,mstollenhofd7@google.es,579-501-6377,67 Sauthoff Road
CUSID477,Dennet,Jados,Male,djadosd8@ameblo.jp,406-330-6755,242 Parkside Way
CUSID478,Wileen,Beecker,Female,wbeeckerd9@dagondesign.com,296-335-3960,700 Springs Hill
CUSID479,Jayne,Kilcullen,Female,jkilcullenda@360.cn,941-228-7816,757 Lakewood Center
CUSID480,Darryl,Makiver,Female,dmakiverdb@amazon.de,308-493-6416,2884 Donald Way
CUSID481,Tam,Sails,Male,tsailsdc@mtv.com,211-848-1096,24 Nobel Way
CUSID482,Radcliffe,Braunds,Male,rbraundsdd@mtv.com,878-162-3191,1 Elgar Parkway
CUSID483,Lancelot,Maleham,Male,lmalehamde@g.co,881-171-2055,1 Gulseth Alley
CUSID484,Burl,Hamnet,Male,bhamnetdf@eepurl.com,488-753-0552,73 Loomis Center
CUSID485,Jacinta,Feldon,Female,jfeldondg@bing.com,660-171-1142,3 Northridge Way
CUSID486,Candi,Garbutt,Female,cgarbuttdh@sphinn.com,722-355-1743,947 New Castle Street
CUSID487,Earle,Seward,Male,esewarddi@naver.com,434-487-2110,6031 Doe Crossing Terrace
CUSID488,Falkner,Kryska,Male,fkryskadj@list-manage.com,334-686-4768,9 Huxley Plaza
CUSID489,Tarrah,Foskin,Female,tfoskindk@msu.edu,223-222-7394,49 Melody Pass
CUSID490,Nils,Rumming,Male,nrummingdl@google.ca,370-704-2780,1 New Castle Place
CUSID491,Maighdiln,Olivelli,Female,molivellidm@ed.gov,575-919-3902,4 Surrey Pass
CUSID492,Bancroft,Philps,Male,bphilpsdn@msn.com,830-752-7784,350 Melby Trail
CUSID493,Ario,Thumann,Male,athumanndo@salon.com,810-608-0331,17 Sherman Pass
CUSID494,Nikaniki,Chalmers,Female,nchalmersdp@123-reg.co.uk,427-365-5633,38154 Kinsman Crossing
CUSID495,Rogerio,Hatfull,Male,rhatfulldq@ebay.co.uk,353-687-2828,5017 Nova Alley
CUSID496,Chickie,Dankersley,Genderqueer,cdankersleydr@theatlantic.com,595-897-6565,63 Di Loreto Lane
CUSID497,Erhart,Robertson,Male,erobertsonds@sciencedirect.com,380-367-1662,45 Menomonie Way
CUSID498,Harmonia,Blaasch,Non-binary,hblaaschdt@arizona.edu,672-752-1505,3298 Talisman Court
CUSID499,Ferne,Bagster,Female,fbagsterdu@1688.com,955-706-5404,8 Division Lane
CUSID500,Malvina,Guye,Female,mguyedv@cdbaby.com,111-363-5359,409 Dakota Trail
CUSID501,Mahmoud,Balshen,Male,mbalshendw@walmart.com,976-652-2999,2 Mayfield Hill
CUSID502,Ingram,Janc,Male,ijancdx@disqus.com,831-763-6954,010 Bunker Hill Circle
CUSID503,Nikita,Vondra,Male,nvondrady@baidu.com,137-957-5001,78192 Londonderry Point
CUSID504,Roy,Stapels,Male,rstapelsdz@wikipedia.org,739-682-5481,088 Karstens Terrace
CUSID505,Delphine,Saterweyte,Female,dsaterweytee0@whitehouse.gov,969-217-5620,5 Dryden Hill
CUSID506,Mauricio,Berk,Male,mberke1@imageshack.us,716-203-9626,9 Lyons Road
CUSID507,Gonzales,Marval,Male,gmarvale2@ox.ac.uk,428-326-3500,14525 Hoepker Way
CUSID508,Tod,Albro,Male,talbroe3@wisc.edu,694-842-3627,273 Straubel Drive
CUSID509,Ian,Cregeen,Male,icregeene4@china.com.cn,711-361-0302,44602 Loomis Terrace
CUSID510,Dede,Arnold,Female,darnolde5@twitpic.com,717-316-6687,438 Morning Drive
CUSID511,Case,Aherne,Male,cahernee6@jalbum.net,790-115-1726,94 Kim Hill
CUSID512,Travus,Knights,Male,tknightse7@adobe.com,202-232-9906,9 Leroy Way
CUSID513,Wernher,Pauley,Male,wpauleye8@biblegateway.com,560-345-5887,0578 Roth Point
CUSID514,Dorree,Gaukroger,Female,dgaukrogere9@cnn.com,328-114-1195,362 Messerschmidt Circle
CUSID515,Max,Casajuana,Female,mcasajuanaea@stanford.edu,779-939-9326,48 Heffernan Way
CUSID516,Kermit,Etty,Male,kettyeb@prlog.org,469-162-6401,02302 Doe Crossing Parkway
CUSID517,Stevie,Fargie,Male,sfargieec@soundcloud.com,527-934-5502,3 Summer Ridge Alley
CUSID518,Bartholemy,Giacobelli,Male,bgiacobellied@pcworld.com,653-786-7500,163 Graedel Road
CUSID519,Cirillo,Llewelly,Male,cllewellyee@nature.com,320-792-9958,93889 Holy Cross Way
CUSID520,Eilis,Sodo,Female,esodoef@umn.edu,366-525-5497,288 Granby Road
CUSID521,Carroll,Taggett,Male,ctaggetteg@storify.com,448-699-1236,96 Ilene Road
CUSID522,Thomasin,Aggott,Female,taggotteh@nytimes.com,551-831-2608,5 7th Hill
CUSID523,Phillie,Boyle,Female,pboyleei@bizjournals.com,517-392-1958,742 7th Pass
CUSID524,Juan,Osgar,Male,josgarej@hao123.com,574-495-1005,768 Linden Court
CUSID525,Filide,Fortey,Female,fforteyek@baidu.com,216-915-7832,543 Heath Place
CUSID526,Laney,Danett,Male,ldanettel@zdnet.com,483-124-3610,69 Kings Plaza
CUSID527,Norbert,MacCaffery,Male,nmaccafferyem@irs.gov,366-105-6410,2 Acker Park
CUSID528,Ibrahim,Edmands,Male,iedmandsen@home.pl,128-743-6552,54 Oakridge Center
CUSID529,Addy,Hardistry,Male,ahardistryeo@chicagotribune.com,350-536-2470,15264 Hayes Place
CUSID530,Isidora,Jaher,Female,ijaherep@dot.gov,259-265-3231,4741 Grover Parkway
CUSID531,Justen,McGettigan,Male,jmcgettiganeq@loc.gov,175-281-3478,4657 Upham Place
CUSID532,Woody,Farlham,Male,wfarlhamer@army.mil,222-699-2796,18 Badeau Point
CUSID533,Nicko,Holywell,Male,nholywelles@geocities.com,206-534-9048,1423 Farragut Place
CUSID534,Judy,Warburton,Bigender,jwarburtonet@issuu.com,333-126-8316,32 Twin Pines Hill
CUSID535,Leah,Privett,Female,lprivetteu@yellowpages.com,393-117-6477,54798 Hauk Plaza
CUSID536,Cassaundra,Paridge,Female,cparidgeev@miibeian.gov.cn,335-364-8468,23 Northridge Place
CUSID537,Lulu,Rollins,Female,lrollinsew@economist.com,464-577-1959,58945 Becker Park
CUSID538,Merilyn,Gregoletti,Female,mgregolettiex@surveymonkey.com,772-315-3209,316 Kedzie Crossing
CUSID539,Even,Pobjoy,Male,epobjoyey@zdnet.com,119-736-0016,1 Duke Crossing
CUSID540,Pall,Judgkins,Male,pjudgkinsez@xing.com,810-648-7640,08 Parkside Street
CUSID541,Flossi,Spare,Female,fsparef0@yelp.com,917-889-7201,62565 Johnson Drive
CUSID542,Curtice,Woolley,Male,cwoolleyf1@soundcloud.com,494-837-5835,62822 Mandrake Junction
CUSID543,Claudette,Bogges,Female,cboggesf2@naver.com,818-372-8240,293 1st Parkway
CUSID544,Boone,Swett,Male,bswettf3@businesswire.com,368-404-5417,864 Fisk Drive
CUSID545,Debbie,Benne,Female,dbennef4@cnet.com,407-537-2596,946 Bartelt Park
CUSID546,Harli,McCrae,Female,hmccraef5@nature.com,239-735-8489,41319 Hanover Hill
CUSID547,Cyrille,O'Lunny,Male,colunnyf6@xrea.com,492-758-1320,89 Buell Hill
CUSID548,Cullie,holmes,Male,cholmesf7@aol.com,996-314-5657,26833 3rd Parkway
CUSID549,Judon,Christofle,Male,jchristoflef8@microsoft.com,873-257-3409,047 Mcguire Junction
CUSID550,Kimmie,Twentyman,Female,ktwentymanf9@state.tx.us,597-449-3253,5 Ridgeway Terrace
CUSID551,Melamie,Derye-Barrett,Female,mderyebarrettfa@bandcamp.com,171-514-2201,51992 Esker Alley
CUSID552,Suzanne,Vollam,Female,svollamfb@unc.edu,847-986-8195,37609 Rowland Circle
CUSID553,Charlie,Eastcott,Male,ceastcottfc@barnesandnoble.com,705-421-9227,2 Pennsylvania Place
CUSID554,Dyana,Linnane,Agender,dlinnanefd@etsy.com,245-284-7257,8895 Spohn Circle
CUSID555,Cathi,Hannabuss,Genderfluid,channabussfe@hc360.com,430-648-9234,96 Dawn Drive
CUSID556,Simonne,Raine,Bigender,sraineff@cyberchimps.com,874-284-9896,156 Southridge Alley
CUSID557,Ellyn,Olliff,Female,eollifffg@deliciousdays.com,164-845-7783,94753 Clarendon Park
CUSID558,Drucy,Aireton,Female,dairetonfh@hc360.com,527-984-1119,1 Nova Center
CUSID559,Linell,Hellens,Female,lhellensfi@google.co.jp,492-838-1019,7 Vermont Plaza
CUSID560,Tarrah,Coleman,Female,tcolemanfj@e-recht24.de,177-654-1350,6028 Hintze Alley
CUSID561,Lissa,Bear,Female,lbearfk@soundcloud.com,236-990-8977,27 Hudson Junction
CUSID562,Niall,Bereford,Male,nberefordfl@sakura.ne.jp,447-207-2658,013 Raven Way
CUSID563,Norton,Feaks,Male,nfeaksfm@sun.com,266-591-7553,30 Glacier Hill Court
CUSID564,Babbette,Alstead,Female,balsteadfn@seesaa.net,365-914-0194,93708 Forest Park
CUSID565,Gallard,Longfield,Male,glongfieldfo@feedburner.com,226-327-7364,3 Blaine Avenue
CUSID566,Milty,Bows,Male,mbowsfp@fc2.com,454-272-7349,4611 Scoville Junction
CUSID567,Kathie,Achrameev,Female,kachrameevfq@amazonaws.com,724-492-6654,6953 Fulton Park
CUSID568,Ulick,Lange,Male,ulangefr@spotify.com,567-986-7701,29060 Portage Parkway
CUSID569,Sydel,Dukelow,Female,sdukelowfs@narod.ru,501-883-1922,06355 Gateway Place
CUSID570,Mendie,Hazeley,Male,mhazeleyft@google.com.hk,503-674-1270,3967 Hanson Place
CUSID571,Robert,Atthow,Male,ratthowfu@theglobeandmail.com,557-104-5500,55362 Shelley Trail
CUSID572,Alissa,Gaw,Female,agawfv@moonfruit.com,858-350-3903,75 Prentice Alley
CUSID573,Everett,Renehan,Male,erenehanfw@cyberchimps.com,672-920-5563,4289 Harbort Way
CUSID574,Marlon,Birley,Male,mbirleyfx@godaddy.com,609-639-2050,7884 Elka Parkway
CUSID575,Micheline,Shearwood,Female,mshearwoodfy@example.com,870-176-0740,37 Bultman Circle
CUSID576,Minda,Ozanne,Female,mozannefz@oracle.com,428-349-4066,35 Main Plaza
CUSID577,Mitchael,Shearsby,Male,mshearsbyg0@accuweather.com,890-578-2632,49 Stoughton Lane
CUSID578,Hal,Olenichev,Male,holenichevg1@google.de,115-294-3227,38715 Arizona Terrace
CUSID579,Clim,Orrom,Male,corromg2@reverbnation.com,320-893-7894,60707 Lawn Park
CUSID580,Rycca,Borwick,Female,rborwickg3@wsj.com,564-616-2939,55 Buena Vista Hill
CUSID581,Stoddard,Gummie,Female,sgummieg4@bravesites.com,893-683-5875,60724 Kensington Way
CUSID582,Palm,Drexel,Male,pdrexelg5@cisco.com,173-770-5458,9 Glacier Hill Trail
CUSID583,Roosevelt,Habergham,Male,rhaberghamg6@so-net.ne.jp,688-160-3380,91 Meadow Valley Lane
CUSID584,Simon,Scutts,Male,sscuttsg7@hao123.com,582-792-7709,40774 Harbort Road
CUSID585,Dulcinea,Curzon,Female,dcurzong8@seattletimes.com,802-943-4731,1 Ridgeview Crossing
CUSID586,Guillema,Beeson,Female,gbeesong9@vimeo.com,696-177-9488,0441 Crownhardt Crossing
CUSID587,Colas,Grogono,Male,cgrogonoga@cyberchimps.com,952-496-3783,2779 Dryden Lane
CUSID588,Suzanna,Surgeon,Female,ssurgeongb@wp.com,178-744-0722,4915 Westend Point
CUSID589,Tersina,Neilan,Female,tneilangc@cdc.gov,142-878-6817,8524 Muir Junction
CUSID590,Cirilo,Langtry,Male,clangtrygd@t.co,210-606-4705,45 Harbort Park
CUSID591,Danit,Liddall,Female,dliddallge@yolasite.com,213-626-9468,7817 Service Circle
CUSID592,Ynez,Smooth,Female,ysmoothgf@photobucket.com,842-993-6862,9014 Farragut Point
CUSID593,Bobbi,Cancellario,Female,bcancellariogg@yelp.com,876-509-2817,46713 Debra Alley
CUSID594,Avie,Griffith,Female,agriffithgh@quantcast.com,803-682-8084,8 Independence Alley
CUSID595,Merle,Almond,Female,malmondgi@weibo.com,186-788-7257,4171 Browning Crossing
CUSID596,Jessamyn,Thireau,Female,jthireaugj@geocities.com,575-812-4007,600 Heffernan Place
CUSID597,Corly,Theurer,Female,ctheurergk@boston.com,886-846-5248,24 Anhalt Circle
CUSID598,Sayers,Boards,Male,sboardsgl@weibo.com,215-482-1817,36 Blaine Hill
CUSID599,Justis,Peterson,Male,jpetersongm@samsung.com,128-687-1176,325 Grasskamp Parkway
CUSID600,Zolly,Manlow,Male,zmanlowgn@skyrock.com,828-609-9951,0236 Graceland Court
CUSID601,Pen,Lapree,Genderqueer,plapreego@hexun.com,827-270-6898,15673 Lindbergh Parkway
CUSID602,Bevan,Heald,Male,bhealdgp@youku.com,910-190-0160,780 Calypso Terrace
CUSID603,Vita,Dreger,Female,vdregergq@tripod.com,979-946-8935,88366 Sommers Drive
CUSID604,Inesita,Maxsted,Female,imaxstedgr@scribd.com,753-712-9296,79 3rd Court
CUSID605,Valery,Willes,Female,vwillesgs@i2i.jp,923-923-7209,2 Cottonwood Parkway
CUSID606,Ulla,Mico,Female,umicogt@noaa.gov,538-395-0330,2004 Pond Avenue
CUSID607,Desmond,Blundon,Male,dblundongu@furl.net,718-533-6323,0009 Spaight Pass
CUSID608,Florina,Oddy,Female,foddygv@hostgator.com,746-189-2841,35507 Roth Court
CUSID609,Leonore,Adamczewski,Female,ladamczewskigw@scribd.com,752-344-1861,298 Eliot Crossing
CUSID610,Lemmy,Grammer,Male,lgrammergx@mit.edu,863-715-0600,29 Johnson Plaza
CUSID611,Giacinta,Brinkler,Female,gbrinklergy@arizona.edu,681-948-4465,65 Birchwood Crossing
CUSID612,Jenifer,Griffiths,Female,jgriffithsgz@washington.edu,507-851-1046,5281 Cascade Pass
CUSID613,Essie,Weafer,Female,eweaferh0@friendfeed.com,650-924-5972,444 Crescent Oaks Drive
CUSID614,Niven,Gillibrand,Male,ngillibrandh1@jimdo.com,533-108-4511,3343 Vera Circle
CUSID615,Tremaine,Parysowna,Male,tparysownah2@purevolume.com,433-255-5118,080 Duke Drive
CUSID616,Bianka,Gotch,Female,bgotchh3@blogger.com,924-539-8642,70 Mcbride Drive
CUSID617,Maggy,Burr,Female,mburrh4@blogtalkradio.com,202-178-9158,08489 Sommers Avenue
CUSID618,Chane,MacEnelly,Male,cmacenellyh5@wikipedia.org,494-915-4431,971 Darwin Lane
CUSID619,Kingsley,Djurdjevic,Male,kdjurdjevich6@techcrunch.com,892-653-8231,5116 Gateway Alley
CUSID620,Adrea,Walaron,Genderfluid,awalaronh7@google.es,956-576-1719,33277 Oxford Point
CUSID621,Beryle,Rowaszkiewicz,Female,browaszkiewiczh8@smh.com.au,901-105-1215,17222 Acker Way
CUSID622,Natal,Cleall,Male,ncleallh9@barnesandnoble.com,371-715-0079,2 Scott Terrace
CUSID623,Hervey,Fruchter,Male,hfruchterha@weebly.com,289-131-6687,9201 Bellgrove Terrace
CUSID624,Lisha,Proudler,Female,lproudlerhb@upenn.edu,652-144-6794,29 Prairieview Crossing
CUSID625,Vladimir,McNaught,Male,vmcnaughthc@yellowbook.com,457-647-8598,2 Tomscot Center
CUSID626,Peder,Toogood,Male,ptoogoodhd@ft.com,990-535-1385,269 Anderson Junction
CUSID627,Arne,McGray,Male,amcgrayhe@uiuc.edu,794-980-7746,10932 Hermina Hill
CUSID628,Simone,Barlthrop,Male,sbarlthrophf@soundcloud.com,683-759-1774,714 Twin Pines Junction
CUSID629,Nina,Pringley,Female,npringleyhg@indiegogo.com,952-715-4872,5 Eagan Court
CUSID630,Briny,Waltering,Female,bwalteringhh@vinaora.com,149-995-9283,265 Gale Road
CUSID631,Bengt,MacCauley,Male,bmaccauleyhi@yelp.com,626-455-0590,7 Arapahoe Lane
CUSID632,Truman,Bannon,Male,tbannonhj@icq.com,354-604-1516,573 Trailsway Lane
CUSID633,Lissi,Bostock,Female,lbostockhk@gov.uk,872-520-6443,17 Manufacturers Alley
CUSID634,Borg,Tutsell,Male,btutsellhl@webeden.co.uk,696-455-6362,87 Hoffman Parkway
CUSID635,Ivan,McKirdy,Male,imckirdyhm@is.gd,448-729-8432,4768 Fairview Parkway
CUSID636,Griffin,Crepin,Male,gcrepinhn@hao123.com,959-577-9688,97 Hintze Alley
CUSID637,Aylmer,Wheatland,Genderfluid,awheatlandho@paypal.com,521-794-9487,821 Rieder Way
CUSID638,Minna,Ide,Female,midehp@ebay.co.uk,100-531-4221,01169 Garrison Court
CUSID639,Brice,Corran,Male,bcorranhq@tiny.cc,788-392-7549,58934 Mandrake Junction
CUSID640,Clea,Fronsek,Female,cfronsekhr@soup.io,916-811-2685,76298 Ramsey Way
CUSID641,Valentin,Tolomelli,Male,vtolomellihs@1688.com,991-683-2996,4160 Anzinger Crossing
CUSID642,Durward,Armsden,Male,darmsdenht@51.la,861-819-5572,5926 Shasta Terrace
CUSID643,Idette,Loiterton,Female,iloitertonhu@craigslist.org,844-455-8867,0 Continental Circle
CUSID644,Heather,Canet,Female,hcanethv@examiner.com,455-827-0996,99943 Hudson Way
CUSID645,Dana,MacFall,Female,dmacfallhw@paypal.com,831-139-3649,3 Truax Way
CUSID646,Ned,Doudny,Male,ndoudnyhx@nih.gov,168-622-7306,63 Sloan Hill
CUSID647,Gennifer,Allnutt,Female,gallnutthy@youtu.be,286-441-9699,8324 Evergreen Center
CUSID648,Raphael,Junifer,Male,rjuniferhz@4shared.com,986-208-4766,1 Spaight Hill
CUSID649,Josselyn,Burbage,Female,jburbagei0@gov.uk,662-676-3895,1 Garrison Hill
CUSID650,Darcee,Somner,Female,dsomneri1@webs.com,953-648-0684,93563 Mesta Pass
CUSID651,Ginnifer,Ormond,Female,gormondi2@nyu.edu,612-600-3184,12 Continental Alley
CUSID652,Latrena,Edelheid,Female,ledelheidi3@wikia.com,847-421-2948,90181 Derek Parkway
CUSID653,Farris,Cheeseman,Male,fcheesemani4@google.ru,504-497-1687,47 Dawn Center
CUSID654,Ferguson,Southey,Male,fsoutheyi5@dagondesign.com,595-554-1793,7497 Dawn Way
CUSID655,Irvin,Farnell,Male,ifarnelli6@answers.com,511-740-1120,88570 Loomis Center
CUSID656,Brynn,Colquete,Non-binary,bcolquetei7@discovery.com,979-581-1737,6 Messerschmidt Pass
CUSID657,Kirk,Demeza,Male,kdemezai8@free.fr,556-405-4061,6 Granby Lane
CUSID658,Kirk,Kopelman,Male,kkopelmani9@yellowpages.com,904-967-5562,566 Packers Hill
CUSID659,Dag,Saffin,Male,dsaffinia@is.gd,826-756-2850,25129 Service Place
CUSID660,Mommy,Terbeck,Female,mterbeckib@sphinn.com,860-431-8161,5 Scoville Trail
CUSID661,Xylia,Palin,Female,xpalinic@state.gov,162-694-2292,9 Jay Road
CUSID662,Johnette,Eccott,Female,jeccottid@live.com,271-723-3077,40429 Erie Plaza
CUSID663,Andras,Corney,Male,acorneyie@macromedia.com,434-229-0041,75040 Basil Hill
CUSID664,Rubia,Skellion,Female,rskellionif@reuters.com,543-268-0745,938 Pond Street
CUSID665,Corbet,Betterton,Male,cbettertonig@netlog.com,458-790-3294,97581 Jay Court
CUSID666,Tiebout,Kellert,Male,tkellertih@columbia.edu,132-126-3068,44820 Sheridan Terrace
CUSID667,Fairlie,Clara,Male,fclaraii@unesco.org,372-528-6616,01582 Walton Parkway
CUSID668,Enrique,MacNamee,Male,emacnameeij@skype.com,757-206-9864,4 Pepper Wood Trail
CUSID669,Koenraad,Nel,Male,knelik@ucsd.edu,520-709-1880,1 Grasskamp Junction
CUSID670,Louie,Mc Kellen,Male,lmckellenil@deliciousdays.com,408-867-9734,66981 Sunfield Hill
CUSID671,Carola,Bestwerthick,Female,cbestwerthickim@tmall.com,787-920-8368,902 John Wall Center
CUSID672,Jo-anne,Schooley,Female,jschooleyin@samsung.com,960-386-8937,055 Thompson Street
CUSID673,Gerhardt,Shevell,Male,gshevellio@tamu.edu,518-680-9664,3 Autumn Leaf Circle
CUSID674,Kamillah,Jermy,Female,kjermyip@china.com.cn,308-277-3023,84 Veith Hill
CUSID675,Ferdy,Middlewick,Genderqueer,fmiddlewickiq@wired.com,855-688-5491,70432 Packers Pass
CUSID676,Georgiana,Barrington,Genderfluid,gbarringtonir@ebay.co.uk,266-621-4551,173 Boyd Court
CUSID677,Hobart,Gulley,Male,hgulleyis@devhub.com,164-603-4230,79 Pierstorff Point
CUSID678,Borg,Gergher,Male,bgergherit@mayoclinic.com,522-528-3430,36952 Ohio Avenue
CUSID679,Bernita,Leddie,Female,bleddieiu@dropbox.com,832-792-3905,39 Rowland Trail
CUSID680,Debera,Soames,Female,dsoamesiv@symantec.com,690-134-6409,0 Evergreen Road
CUSID681,Trever,Fance,Male,tfanceiw@google.cn,772-602-2746,94321 Westend Trail
CUSID682,Charis,Tythe,Female,ctytheix@abc.net.au,843-126-1276,31004 La Follette Road
CUSID683,Townie,Crix,Male,tcrixiy@huffingtonpost.com,586-980-9077,446 Reinke Terrace
CUSID684,Marvin,Gabbitas,Male,mgabbitasiz@mashable.com,584-662-7476,5 Anderson Park
CUSID685,Dyna,Greave,Female,dgreavej0@globo.com,994-485-4945,29 Crescent Oaks Center
CUSID686,Glyn,Swindon,Male,gswindonj1@unblog.fr,293-991-3528,0768 Muir Lane
CUSID687,Baily,Welbrock,Male,bwelbrockj2@github.com,630-996-1064,80 Fallview Terrace
CUSID688,Borden,Jobbing,Male,bjobbingj3@cornell.edu,324-326-1275,041 Delladonna Pass
CUSID689,Arlina,Maestrini,Female,amaestrinij4@vk.com,283-676-3402,41 Sullivan Lane
CUSID690,Sissie,McCann,Female,smccannj5@globo.com,338-516-8723,4 Maywood Lane
CUSID691,Maddi,Lindro,Female,mlindroj6@jalbum.net,899-530-1744,00 Roxbury Road
CUSID692,Martin,Helling,Male,mhellingj7@google.it,145-983-0719,62 Bunting Court
CUSID693,Brnaba,Toffanelli,Male,btoffanellij8@cocolog-nifty.com,835-115-2832,039 Marcy Pass
CUSID694,Layla,Bolger,Female,lbolgerj9@wikimedia.org,658-156-2385,9622 David Crossing
CUSID695,Lukas,Schimank,Male,lschimankja@independent.co.uk,240-574-2358,4129 Springs Crossing
CUSID696,Tildie,Nayer,Female,tnayerjb@geocities.com,169-729-1355,8537 Gerald Drive
CUSID697,Thornton,Carlone,Male,tcarlonejc@techcrunch.com,272-857-3603,221 Magdeline Street
CUSID698,Allister,Purches,Male,apurchesjd@multiply.com,117-218-4149,6142 Warrior Road
CUSID699,Kelila,Cesaric,Female,kcesaricje@redcross.org,995-989-0682,90 Lighthouse Bay Center
CUSID700,Stearne,Manneville,Male,smannevillejf@canalblog.com,749-519-6564,8 La Follette Junction
CUSID701,Jeanna,Ochterlony,Female,jochterlonyjg@hexun.com,767-759-2009,438 Russell Place
CUSID702,Myer,Gwin,Male,mgwinjh@ebay.co.uk,750-360-7723,92156 Golden Leaf Road
CUSID703,Carey,Burder,Male,cburderji@mac.com,610-986-3316,54 Carberry Drive
CUSID704,Harry,Jardein,Male,hjardeinjj@answers.com,285-987-2082,7 Kings Point
CUSID705,Donna,Gale,Female,dgalejk@tiny.cc,985-310-4851,11257 Mallard Alley
CUSID706,Poppy,Ahlin,Female,pahlinjl@dmoz.org,734-957-1528,76 Susan Way
CUSID707,Randy,Birth,Male,rbirthjm@xinhuanet.com,422-622-3103,64804 Wayridge Parkway
CUSID708,Shawna,O'Loughlin,Female,soloughlinjn@nih.gov,773-871-9327,8 Melvin Junction
CUSID709,Nadeen,Skeldinge,Female,nskeldingejo@taobao.com,200-798-9290,3594 Londonderry Hill
CUSID710,Hilary,Ranking,Male,hrankingjp@go.com,932-257-2512,7723 Grim Lane
CUSID711,Kirsteni,Gobeau,Female,kgobeaujq@163.com,383-994-7758,633 Kenwood Terrace
CUSID712,Layla,Harriot,Female,lharriotjr@statcounter.com,626-991-3833,0 Homewood Trail
CUSID713,Trude,Camacke,Female,tcamackejs@independent.co.uk,968-278-6664,09 Summerview Plaza
CUSID714,Nicoline,West,Female,nwestjt@amazon.com,280-529-4562,0245 Namekagon Way
CUSID715,Yolane,Khomich,Female,ykhomichju@hexun.com,692-350-1619,13 Spenser Road
CUSID716,Brynna,Raybould,Bigender,braybouldjv@tiny.cc,337-632-2327,5 Nova Hill
CUSID717,Livvyy,Coomer,Female,lcoomerjw@netvibes.com,328-789-6209,9090 Farragut Lane
CUSID718,Herminia,Scamerden,Female,hscamerdenjx@netscape.com,544-882-4361,62441 Starling Drive
CUSID719,Val,Moreman,Male,vmoremanjy@odnoklassniki.ru,442-316-3174,7 Sunfield Avenue
CUSID720,Isiahi,Sleit,Male,isleitjz@shop-pro.jp,994-614-9079,214 Crescent Oaks Parkway
CUSID721,Chilton,Topliss,Male,ctoplissk0@craigslist.org,180-524-8656,44962 Brown Junction
CUSID722,Stella,Jahnisch,Female,sjahnischk1@stanford.edu,793-823-6838,6 Jay Center
CUSID723,Ailbert,Mort,Male,amortk2@theglobeandmail.com,900-578-3350,107 Arkansas Hill
CUSID724,Clarabelle,Jahndel,Female,cjahndelk3@census.gov,949-908-0284,76 Summit Circle
CUSID725,Michele,Richardsson,Male,mrichardssonk4@lulu.com,284-735-6022,1 Pennsylvania Drive
CUSID726,Earlie,Lammas,Male,elammask5@sakura.ne.jp,499-256-6321,2 Magdeline Road
CUSID727,Earvin,Brisbane,Male,ebrisbanek6@mozilla.com,155-459-5689,4459 Maryland Circle
CUSID728,Grace,Krolak,Female,gkrolakk7@amazon.co.uk,258-757-5520,8861 Cherokee Drive
CUSID729,Hercules,Beaglehole,Male,hbeagleholek8@youtube.com,816-576-9576,35 Lerdahl Place
CUSID730,Nani,Minillo,Female,nminillok9@flavors.me,413-848-9011,1579 Crownhardt Terrace
CUSID731,Lin,Kohring,Female,lkohringka@mediafire.com,628-700-5786,82 Dryden Point
CUSID732,Augustine,Summerskill,Female,asummerskillkb@youtube.com,348-445-0009,29282 Swallow Parkway
CUSID733,Rosemonde,Pionter,Female,rpionterkc@ox.ac.uk,176-986-2866,85606 Hagan Point
CUSID734,Inger,Lambrick,Female,ilambrickkd@wsj.com,656-807-2646,0122 Union Lane
CUSID735,Jareb,Bottini,Male,jbottinike@theguardian.com,547-493-0365,29 Carpenter Alley
CUSID736,Sebastien,Orgill,Male,sorgillkf@networksolutions.com,798-120-0362,130 Green Ridge Alley
CUSID737,Daron,Blowers,Male,dblowerskg@squarespace.com,269-387-9117,305 Warbler Circle
CUSID738,Seana,Lovitt,Female,slovittkh@va.gov,311-317-2657,505 Schmedeman Street
CUSID739,Andris,Rann,Male,arannki@comsenz.com,236-874-9545,579 Buena Vista Drive
CUSID740,Coriss,Angell,Female,cangellkj@china.com.cn,566-213-7544,3256 Granby Parkway
CUSID741,Brannon,Ruppele,Male,bruppelekk@ehow.com,473-666-5539,45 Loomis Park
CUSID742,Vickie,Merwood,Female,vmerwoodkl@army.mil,674-443-5992,2604 Ramsey Parkway
CUSID743,Zebadiah,Purple,Male,zpurplekm@mapy.cz,177-797-2413,9 Granby Junction
CUSID744,Ken,Scargle,Bigender,kscarglekn@people.com.cn,287-728-3163,006 Butterfield Pass
CUSID745,Albert,Killimister,Non-binary,akillimisterko@miibeian.gov.cn,578-663-8861,90 Manitowish Street
CUSID746,Terri,Lumbers,Female,tlumberskp@miitbeian.gov.cn,969-282-9719,048 Jenna Point
CUSID747,Dodi,Etter,Female,detterkq@dedecms.com,603-821-4783,65183 Mccormick Avenue
CUSID748,Joann,Goldis,Polygender,jgoldiskr@independent.co.uk,472-328-8316,699 Walton Center
CUSID749,Bridgette,Vivash,Female,bvivashks@symantec.com,969-538-6449,16 Bashford Terrace
CUSID750,Edgard,Irce,Male,eircekt@mapy.cz,615-492-3185,09 Forest Trail
CUSID751,Althea,Egdal,Polygender,aegdalku@tripadvisor.com,852-853-1485,15 Westend Parkway
CUSID752,Torin,Sutcliffe,Male,tsutcliffekv@discovery.com,812-120-4953,6 Hintze Lane
CUSID753,Daile,MacSweeney,Female,dmacsweeneykw@purevolume.com,762-134-3472,5142 Sundown Park
CUSID754,Nert,Dubery,Female,nduberykx@ucsd.edu,806-284-5369,65 Jackson Center
CUSID755,Tandie,Ebbles,Female,tebblesky@odnoklassniki.ru,923-460-7337,63 Lunder Drive
CUSID756,Odette,Preon,Female,opreonkz@time.com,280-606-3823,35632 Bellgrove Road
CUSID757,Arte,Jaimez,Male,ajaimezl0@bing.com,424-696-8976,86492 Mesta Point
CUSID758,Ellyn,Sketchley,Female,esketchleyl1@cloudflare.com,918-495-7738,13 Mariners Cove Parkway
CUSID759,Erhard,Noquet,Male,enoquetl2@google.com.br,514-852-9544,7190 Anhalt Court
CUSID760,Florencia,Hurdwell,Female,fhurdwelll3@indiatimes.com,514-282-5850,865 Northview Circle
CUSID761,Emili,Brachell,Female,ebrachelll4@domainmarket.com,374-816-7837,50015 Crescent Oaks Court
CUSID762,Evered,Garretson,Male,egarretsonl5@pinterest.com,914-583-5511,73 Pankratz Way
CUSID763,Sharai,Petrelli,Female,spetrellil6@home.pl,346-429-7290,8046 Laurel Court
CUSID764,Pavlov,Dorrity,Male,pdorrityl7@unesco.org,318-723-6452,03296 New Castle Hill
CUSID765,Charmain,Axtonne,Non-binary,caxtonnel8@naver.com,146-677-3487,536 Sommers Crossing
CUSID766,Harriette,Meiklejohn,Female,hmeiklejohnl9@answers.com,775-762-3993,4659 Comanche Junction
CUSID767,Cherise,Danett,Female,cdanettla@soup.io,582-316-1477,68841 Towne Terrace
CUSID768,Paolo,Bellows,Bigender,pbellowslb@hp.com,113-234-0647,6990 Mayer Road
CUSID769,Egbert,Goncaves,Male,egoncaveslc@de.vu,281-917-9325,41 Amoth Park
CUSID770,Marguerite,Petracek,Female,mpetracekld@webnode.com,601-447-7789,50075 Mccormick Hill
CUSID771,Joe,Elcombe,Male,jelcombele@163.com,660-705-2003,2337 Pepper Wood Plaza
CUSID772,Bald,Bechley,Male,bbechleylf@macromedia.com,936-876-6413,39104 Marquette Crossing
CUSID773,Devi,Mor,Non-binary,dmorlg@wikimedia.org,593-958-2144,31545 Anhalt Crossing
CUSID774,Maryanna,Elan,Female,melanlh@hatena.ne.jp,992-903-5536,0993 Boyd Drive
CUSID775,Bobbe,Tong,Female,btongli@intel.com,266-738-0366,8 Glacier Hill Court
CUSID776,Ezequiel,Ben,Non-binary,ebenlj@amazon.co.jp,923-661-8929,4 Chive Plaza
CUSID777,Robbie,Ladel,Female,rladellk@csmonitor.com,269-627-9376,48 Sherman Hill
CUSID778,Bartie,Scawen,Male,bscawenll@google.com.au,497-436-2260,2886 Sachs Circle
CUSID779,Ky,Haselden,Male,khaseldenlm@angelfire.com,411-736-1283,16 Orin Street
CUSID780,Gay,Farley,Male,gfarleyln@chronoengine.com,729-816-5006,83472 Trailsway Point
CUSID781,Michell,Pranger,Female,mprangerlo@arstechnica.com,373-941-0697,707 Schlimgen Alley
CUSID782,Rodolphe,Stollsteimer,Male,rstollsteimerlp@linkedin.com,975-430-7627,14 Menomonie Alley
CUSID783,Jacynth,O'Boyle,Female,joboylelq@nationalgeographic.com,773-997-5957,977 Gerald Point
CUSID784,Wallie,William,Non-binary,wwilliamlr@uol.com.br,161-476-8883,0 Maryland Court
CUSID785,Levon,Wieprecht,Male,lwieprechtls@blog.com,676-288-0149,15 Florence Avenue
CUSID786,Derek,Wride,Male,dwridelt@disqus.com,436-886-3073,5 Carey Point
CUSID787,Roldan,Prall,Male,rpralllu@mapy.cz,597-877-8264,132 Myrtle Junction
CUSID788,Silvain,Bertouloume,Male,sbertouloumelv@comsenz.com,910-523-6522,47 Moland Center
CUSID789,Panchito,Messer,Male,pmesserlw@google.com.br,545-809-9276,2058 Londonderry Street
CUSID790,Marlyn,Longthorne,Female,mlongthornelx@ox.ac.uk,331-742-6618,8385 Farmco Center
CUSID791,Alberto,Hatcliffe,Male,ahatcliffely@1und1.de,492-585-2122,868 Mcbride Pass
CUSID792,Griff,Ayerst,Male,gayerstlz@macromedia.com,286-327-3728,8 Londonderry Avenue
CUSID793,Giacobo,Wabb,Male,gwabbm0@cpanel.net,906-429-1101,304 1st Place
CUSID794,Brenden,Marielle,Male,bmariellem1@google.ru,259-399-7965,19 Butternut Circle
CUSID795,Aurora,Fahy,Female,afahym2@liveinternet.ru,429-817-7090,750 Westport Parkway
CUSID796,Karine,Ahern,Female,kahernm3@tinyurl.com,213-952-7672,844 Raven Park
CUSID797,Garret,Behning,Male,gbehningm4@craigslist.org,559-889-0692,351 Eagle Crest Drive
CUSID798,Heidie,Degnen,Non-binary,hdegnenm5@shareasale.com,926-878-2497,8 Northland Point
CUSID799,Davina,Ruck,Female,druckm6@aol.com,547-772-1396,59 Armistice Hill
CUSID800,Bradford,Korejs,Male,bkorejsm7@mail.ru,911-328-7732,64367 Crowley Street
CUSID801,Niels,Boman,Male,nbomanm8@uiuc.edu,487-403-2725,02542 Hansons Court
CUSID802,Damara,Jentgens,Female,djentgensm9@vinaora.com,235-448-9040,4 Farmco Circle
CUSID803,Gay,Aberdalgy,Female,gaberdalgyma@marriott.com,966-239-7055,86272 Dovetail Plaza
CUSID804,Denney,Tebboth,Male,dtebbothmb@marriott.com,384-488-8627,25 School Court
CUSID805,Carmella,Sherrell,Female,csherrellmc@last.fm,549-514-5960,7794 3rd Avenue
CUSID806,Sergeant,Goldby,Male,sgoldbymd@arstechnica.com,797-448-0052,339 Oak Drive
CUSID807,Helaina,Bampkin,Female,hbampkinme@globo.com,122-583-7171,67 Grim Center
CUSID808,Shanda,Hardbattle,Female,shardbattlemf@unblog.fr,747-108-0723,416 Ryan Way
CUSID809,Romain,Syalvester,Male,rsyalvestermg@chicagotribune.com,933-218-6923,52 Cardinal Pass
CUSID810,Gerek,Gonzalo,Male,ggonzalomh@xrea.com,448-682-8836,143 Jay Junction
CUSID811,Aguste,Timewell,Male,atimewellmi@xing.com,265-450-6967,66 Gina Trail
CUSID812,Jermaine,Pechan,Female,jpechanmj@naver.com,467-407-3806,0939 Bluejay Junction
CUSID813,Gothart,Alderwick,Male,galderwickmk@linkedin.com,829-987-6883,42 Fairview Circle
CUSID814,Chance,Foulger,Male,cfoulgerml@nih.gov,399-216-9722,25145 Donald Hill
CUSID815,Betta,Desbrow,Female,bdesbrowmm@irs.gov,644-316-5627,31533 Green Ridge Drive
CUSID816,Stephanus,Sanbrook,Male,ssanbrookmn@woothemes.com,415-870-6457,1400 Springs Street
CUSID817,Zacherie,Rizzini,Male,zrizzinimo@imageshack.us,757-986-8314,03 Barby Alley
CUSID818,Kylynn,Dallewater,Female,kdallewatermp@telegraph.co.uk,568-540-0412,36942 Laurel Lane
CUSID819,Bowie,Swetland,Male,bswetlandmq@engadget.com,882-284-0298,1 Eggendart Point
CUSID820,Sileas,Knightley,Female,sknightleymr@ehow.com,335-372-1392,32256 Clarendon Trail
CUSID821,Anne-corinne,Varndall,Female,avarndallms@behance.net,919-588-8898,49 Barnett Hill
CUSID822,Mavra,Gammett,Female,mgammettmt@acquirethisname.com,514-283-1147,6 Summit Place
CUSID823,Michaeline,Finnan,Female,mfinnanmu@diigo.com,237-455-8295,603 Holy Cross Point
CUSID824,Desmond,Peddie,Male,dpeddiemv@behance.net,438-131-9139,194 Commercial Pass
CUSID825,Cynde,Seeler,Female,cseelermw@xing.com,951-404-7231,8637 Columbus Drive
CUSID826,Baryram,McCane,Male,bmccanemx@flavors.me,149-961-8138,08 Carpenter Circle
CUSID827,Aloysia,Battrick,Female,abattrickmy@newsvine.com,309-173-0957,7513 Pennsylvania Drive
CUSID828,Moises,Hayton,Bigender,mhaytonmz@nps.gov,611-554-4201,45761 Gerald Crossing
CUSID829,Kore,Girardengo,Female,kgirardengon0@google.com.hk,647-150-6437,0928 Jay Terrace
CUSID830,Lorie,Lethardy,Female,llethardyn1@vk.com,910-863-0036,30369 Buhler Circle
CUSID831,Melamie,Sainsberry,Female,msainsberryn2@google.de,706-877-4409,18894 Autumn Leaf Point
CUSID832,Nanette,Rollinson,Female,nrollinsonn3@t-online.de,426-659-8143,41819 Stang Avenue
CUSID833,Bonny,Ambrogiotti,Female,bambrogiottin4@tripadvisor.com,460-643-5249,02696 Nobel Street
CUSID834,Feodora,Dohmann,Non-binary,fdohmannn5@ehow.com,249-733-4215,67 Grayhawk Park
CUSID835,Alikee,Tithecott,Female,atithecottn6@ucla.edu,139-316-4753,45 Bashford Street
CUSID836,Merola,MacBey,Female,mmacbeyn7@freewebs.com,322-393-9441,79 Muir Parkway
CUSID837,Guthrie,Mullard,Male,gmullardn8@over-blog.com,988-959-0806,8 Canary Lane
CUSID838,Sandy,Guiton,Male,sguitonn9@quantcast.com,729-158-5116,97131 Westerfield Way
CUSID839,Carleton,Fitzackerley,Male,cfitzackerleyna@nifty.com,447-311-1805,6 Hazelcrest Lane
CUSID840,Cully,M'Chirrie,Genderqueer,cmchirrienb@pbs.org,526-437-2370,514 Sunfield Place
CUSID841,Davie,Rawcliffe,Male,drawcliffenc@google.co.jp,601-215-5747,252 Oxford Avenue
CUSID842,Terry,Furlow,Female,tfurlownd@nifty.com,918-144-0546,616 Graceland Pass
CUSID843,Thalia,Busher,Female,tbusherne@google.ru,351-486-1655,38270 Lyons Parkway
CUSID844,Leopold,Siflet,Male,lsifletnf@lulu.com,436-184-9551,70 Huxley Drive
CUSID845,Carlos,Meynell,Male,cmeynellng@linkedin.com,339-691-2383,9127 Dapin Road
CUSID846,Chrissy,Kindell,Male,ckindellnh@shareasale.com,532-172-7236,9 Blackbird Point
CUSID847,Clement,Lesley,Male,clesleyni@examiner.com,761-814-5525,228 Elmside Center
CUSID848,Nico,Goose,Male,ngoosenj@yellowbook.com,580-777-3611,58 Union Avenue
CUSID849,Alidia,Petto,Female,apettonk@fema.gov,987-847-1565,2 Sloan Parkway
CUSID850,Maisey,Mowbray,Female,mmowbraynl@addthis.com,572-370-4792,86909 Ronald Regan Alley
CUSID851,Roxine,Bleasdale,Female,rbleasdalenm@histats.com,610-922-8340,4 Mcguire Drive
CUSID852,Gunter,Peskett,Male,gpeskettnn@google.com,142-233-9053,6 Heath Road
CUSID853,Jerome,Strike,Male,jstrikeno@mozilla.org,370-618-5548,036 Browning Court
CUSID854,Aubert,Lissandrini,Polygender,alissandrininp@i2i.jp,435-241-9815,36 Carioca Terrace
CUSID855,Leigh,Gavriel,Male,lgavrielnq@webmd.com,387-528-2690,075 Homewood Crossing
CUSID856,Sayre,Ebbutt,Male,sebbuttnr@t.co,299-819-2417,00189 Charing Cross Terrace
CUSID857,Reyna,Himsworth,Female,rhimsworthns@facebook.com,283-711-3573,13 Cascade Parkway
CUSID858,Angeline,Fidelus,Female,afidelusnt@globo.com,958-568-9011,5787 Porter Pass
CUSID859,Reggy,Bennoe,Male,rbennoenu@tmall.com,617-201-6450,82484 Red Cloud Lane
CUSID860,Lynnett,Blainey,Female,lblaineynv@gmpg.org,536-741-6188,7 Victoria Terrace
CUSID861,Christoforo,Trahair,Male,ctrahairnw@vk.com,132-768-7997,0 International Trail
CUSID862,Innis,Cardero,Male,icarderonx@dell.com,736-262-5792,44786 Morning Terrace
CUSID863,Ricoriki,Firle,Male,rfirleny@dion.ne.jp,790-915-1424,5 Ilene Plaza
CUSID864,Tatiania,Wildblood,Genderfluid,twildbloodnz@forbes.com,525-262-3849,7995 Fallview Road
CUSID865,Corinna,Iacomettii,Female,ciacomettiio0@comcast.net,500-212-4045,0 Pine View Drive
CUSID866,Corbie,Corsham,Male,ccorshamo1@yolasite.com,974-370-8775,53736 Anderson Place
CUSID867,Mellicent,Broune,Female,mbrouneo2@weebly.com,696-681-9097,05148 Corben Road
CUSID868,Jaymee,Knoton,Female,jknotono3@upenn.edu,751-618-2851,4 Cottonwood Crossing
CUSID869,Quent,Chaimson,Male,qchaimsono4@dion.ne.jp,586-595-5582,841 Annamark Drive
CUSID870,Gloriana,Thieme,Female,gthiemeo5@google.com.hk,638-924-8330,964 Forster Crossing
CUSID871,Kendre,Muscott,Genderfluid,kmuscotto6@google.es,247-665-2452,875 Kennedy Crossing
CUSID872,Mason,Dulwitch,Male,mdulwitcho7@ustream.tv,705-121-3109,5 Killdeer Place
CUSID873,Brigit,Ville,Female,bvilleo8@artisteer.com,712-604-9836,4 Daystar Way
CUSID874,Nessie,McGilvary,Female,nmcgilvaryo9@flickr.com,120-331-0910,871 Surrey Avenue
CUSID875,Virgil,Adenot,Male,vadenotoa@youtu.be,170-235-0860,49028 Village Green Drive
CUSID876,Ermengarde,Dolder,Female,edolderob@jiathis.com,602-151-2820,1336 Grim Plaza
CUSID877,Cathi,Bramsom,Female,cbramsomoc@biglobe.ne.jp,304-438-4071,4 Crownhardt Street
CUSID878,Sandro,Stedmond,Male,sstedmondod@myspace.com,686-388-3359,79774 Doe Crossing Place
CUSID879,Selma,Broek,Female,sbroekoe@hubpages.com,430-893-8885,15794 Shopko Drive
CUSID880,Tandi,Tassell,Female,ttassellof@booking.com,530-357-4429,668 Dexter Place
CUSID881,Maxwell,Clarkin,Male,mclarkinog@merriam-webster.com,283-175-2462,8 Tennyson Place
CUSID882,Valle,Jordine,Male,vjordineoh@nature.com,381-472-1146,794 Summerview Plaza
CUSID883,Archibold,Clement,Male,aclementoi@europa.eu,259-922-4505,137 Lien Alley
CUSID884,Tulley,Wandrack,Male,twandrackoj@multiply.com,419-407-4477,47 Northland Junction
CUSID885,Sherwood,Collier,Male,scollierok@wordpress.org,866-352-1404,9 6th Terrace
CUSID886,Reine,Brazenor,Female,rbrazenorol@ca.gov,897-723-2245,1 Westridge Road
CUSID887,Moyra,Ivchenko,Female,mivchenkoom@sitemeter.com,868-255-4888,18779 Jana Drive
CUSID888,Camille,Gladdin,Non-binary,cgladdinon@hexun.com,567-277-5876,39245 Village Green Alley
CUSID889,George,Soots,Male,gsootsoo@skyrock.com,642-679-1567,799 Delladonna Center
CUSID890,Ignatius,Ridpath,Male,iridpathop@pen.io,593-233-2071,8717 Banding Lane
CUSID891,Wald,Junifer,Male,wjuniferoq@wikia.com,517-227-6244,6529 Westerfield Pass
CUSID892,Brittaney,Cruikshanks,Female,bcruikshanksor@pen.io,873-773-7056,209 Wayridge Road
CUSID893,Leena,Schulter,Bigender,lschulteros@ustream.tv,671-952-7264,42 Morningstar Circle
CUSID894,Maurise,Blagdon,Male,mblagdonot@about.me,342-573-1497,5077 Old Gate Trail
CUSID895,Ashely,Gostage,Female,agostageou@kickstarter.com,242-623-2159,0 Saint Paul Drive
CUSID896,Eudora,Del Monte,Female,edelmonteov@sun.com,624-562-8005,40893 Jackson Place
CUSID897,Cleveland,Spikings,Male,cspikingsow@vimeo.com,393-356-2993,11349 Mayfield Point
CUSID898,Rip,Coniam,Male,rconiamox@fotki.com,669-506-6076,7 Sheridan Pass
CUSID899,Holly-anne,Hallett,Female,hhallettoy@hexun.com,404-607-1762,525 Moulton Plaza
CUSID900,Ansley,Speddin,Female,aspeddinoz@webeden.co.uk,397-181-8101,06 Springs Parkway
CUSID901,Anderson,Gristock,Male,agristockp0@wordpress.com,692-365-6220,30141 Declaration Plaza
CUSID902,Yasmeen,Duffan,Female,yduffanp1@businessweek.com,769-703-5422,978 Grover Alley
CUSID903,Lanita,Lawson,Female,llawsonp2@amazon.co.uk,626-511-2765,56 Clyde Gallagher Court
CUSID904,Corbet,Doumerque,Male,cdoumerquep3@diigo.com,126-152-5065,9 Marquette Terrace
CUSID905,Parrnell,Inglesent,Male,pinglesentp4@mac.com,670-459-0955,7 Granby Circle
CUSID906,Lane,Prendeguest,Male,lprendeguestp5@unesco.org,791-599-8015,862 Muir Park
CUSID907,Alfy,Gout,Male,agoutp6@gov.uk,399-306-1678,83 Declaration Way
CUSID908,Lorens,Kitlee,Male,lkitleep7@umich.edu,203-530-4303,3 Schurz Way
CUSID909,Charity,Venard,Female,cvenardp8@jiathis.com,340-584-8382,75 Hollow Ridge Place
CUSID910,Tim,Rentenbeck,Male,trentenbeckp9@foxnews.com,744-813-4457,2 Bay Trail
CUSID911,Gayler,Gurys,Male,gguryspa@wisc.edu,821-674-4853,80348 Clove Parkway
CUSID912,Isador,Lanfranchi,Non-binary,ilanfranchipb@cbslocal.com,999-683-1823,36 Leroy Junction
CUSID913,Ebba,Oxborrow,Female,eoxborrowpc@feedburner.com,603-465-9175,6583 Pepper Wood Plaza
CUSID914,Justino,Sumbler,Male,jsumblerpd@auda.org.au,535-298-8165,45 Dakota Avenue
CUSID915,Alvis,Weild,Male,aweildpe@redcross.org,508-929-3033,44842 Thompson Way
CUSID916,Daryl,Boriston,Polygender,dboristonpf@msn.com,739-841-2903,13 Express Way
CUSID917,Susette,Goodisson,Female,sgoodissonpg@sbwire.com,129-996-5831,4 Heath Terrace
CUSID918,Edna,Lachaize,Female,elachaizeph@gov.uk,336-103-5100,3 Morning Trail
CUSID919,Toddie,Feare,Male,tfearepi@census.gov,450-652-7357,6532 Welch Court
CUSID920,Eduino,Halgarth,Male,ehalgarthpj@apple.com,876-818-2439,00 Hooker Alley
CUSID921,Ara,Rabbage,Female,arabbagepk@huffingtonpost.com,714-753-4482,2 Graceland Lane
CUSID922,Angil,Skellorne,Female,askellornepl@amazon.co.uk,122-583-8966,204 Jackson Crossing
CUSID923,Una,Chimes,Female,uchimespm@illinois.edu,845-368-2887,61416 Manley Avenue
CUSID924,Ross,Copnall,Male,rcopnallpn@ibm.com,462-995-5088,25131 Elmside Avenue
CUSID925,Neddy,Peppin,Male,npeppinpo@hugedomains.com,511-643-8328,9731 Crescent Oaks Circle
CUSID926,Thorpe,Warman,Male,twarmanpp@sciencedaily.com,883-822-2919,8032 Stephen Plaza
CUSID927,Hercule,Vereker,Male,hverekerpq@woothemes.com,535-587-9235,62601 Springs Road
CUSID928,Crichton,Tutchings,Male,ctutchingspr@opera.com,326-671-0956,408 Lunder Avenue
CUSID929,Cherida,Baccus,Female,cbaccusps@bing.com,561-606-8609,7322 Moulton Court
CUSID930,Sela,Skullet,Female,sskulletpt@toplist.cz,443-870-7324,564 Hooker Center
CUSID931,Zelma,Gladhill,Female,zgladhillpu@senate.gov,665-836-8877,52303 Schurz Pass
CUSID932,Toma,Henrion,Female,thenrionpv@google.ca,529-596-5310,90011 Briar Crest Junction
CUSID933,Marlowe,Yanshin,Male,myanshinpw@reference.com,719-324-5556,9 Dawn Circle
CUSID934,Ximenes,Itzkovsky,Male,xitzkovskypx@psu.edu,375-600-2143,59 Carioca Circle
CUSID935,Marcello,Hindrich,Male,mhindrichpy@cisco.com,157-476-4360,501 Stone Corner Place
CUSID936,Fowler,Apfler,Male,fapflerpz@whitehouse.gov,419-560-8158,10882 Barnett Junction
CUSID937,Jorgan,Fildes,Male,jfildesq0@cnn.com,761-272-3059,6273 Dapin Avenue
CUSID938,Maritsa,Lodovichi,Female,mlodovichiq1@ycombinator.com,120-332-4885,74 Reindahl Road
CUSID939,Duffie,Merit,Male,dmeritq2@google.ru,223-266-9534,22385 Mosinee Alley
CUSID940,Maire,Gorthy,Female,mgorthyq3@google.co.uk,616-837-9430,7 Lyons Hill
CUSID941,Christophorus,Witherspoon,Male,cwitherspoonq4@squarespace.com,562-778-6414,1214 Hollow Ridge Center
CUSID942,Rowan,Diggle,Male,rdiggleq5@lulu.com,964-702-3274,2 Ramsey Circle
CUSID943,Bree,Biddulph,Female,bbiddulphq6@photobucket.com,486-904-1641,976 Vernon Drive
CUSID944,Mersey,Butteris,Female,mbutterisq7@infoseek.co.jp,258-741-1097,75004 Bartillon Center
CUSID945,Beatriz,Spellacey,Female,bspellaceyq8@prlog.org,360-728-8030,83 Nevada Lane
CUSID946,Elisabeth,Peaker,Female,epeakerq9@diigo.com,129-828-7280,9300 Steensland Terrace
CUSID947,Chic,Mewha,Genderfluid,cmewhaqa@xing.com,225-716-9728,95 Walton Crossing
CUSID948,Erastus,Noor,Male,enoorqb@craigslist.org,906-740-5163,1028 7th Way
CUSID949,Stella,Winson,Female,swinsonqc@kickstarter.com,790-361-5904,341 3rd Parkway
CUSID950,Tandy,Sandbach,Female,tsandbachqd@nifty.com,371-835-5439,611 Towne Crossing
CUSID951,Janeta,Mouland,Female,jmoulandqe@marketwatch.com,715-319-0704,773 Saint Paul Plaza
CUSID952,Betteann,Impson,Female,bimpsonqf@smugmug.com,405-950-4166,227 Dottie Place
CUSID953,Mikkel,Gauden,Male,mgaudenqg@earthlink.net,612-688-7502,8 Dawn Circle
CUSID954,Liana,Blacklidge,Female,lblacklidgeqh@sitemeter.com,849-880-0876,61 Lighthouse Bay Lane
CUSID955,Hobart,Pache,Agender,hpacheqi@linkedin.com,794-344-3151,7 Atwood Trail
CUSID956,Dewitt,Pennuzzi,Male,dpennuzziqj@networkadvertising.org,333-272-6264,6426 Cody Trail
CUSID957,Nicky,Firth,Male,nfirthqk@prnewswire.com,828-769-3299,73401 Manitowish Drive
CUSID958,Tracie,Grubb,Male,tgrubbql@gmpg.org,667-233-4226,9802 Mayfield Avenue
CUSID959,Rudolph,Dungee,Male,rdungeeqm@amazonaws.com,879-149-9122,73132 Dahle Way
CUSID960,Kendall,Thrussell,Male,kthrussellqn@tinypic.com,709-881-8958,8 Mosinee Plaza
CUSID961,Garwin,Whitford,Male,gwhitfordqo@economist.com,296-488-1933,63 Tennessee Place
CUSID962,Aguie,Jammet,Male,ajammetqp@g.co,461-205-7282,262 Thierer Street
CUSID963,Iris,Giraudy,Polygender,igiraudyqq@mapquest.com,441-297-1035,98 Vera Trail
CUSID964,Carlita,Nise,Polygender,cniseqr@ted.com,674-428-8939,96 Jenifer Hill
CUSID965,Heloise,Dibbert,Female,hdibbertqs@cam.ac.uk,492-678-6213,556 Northridge Lane
CUSID966,Teodoro,Jacks,Male,tjacksqt@sitemeter.com,710-562-1002,31433 Dexter Park
CUSID967,Livvie,Bront,Female,lbrontqu@symantec.com,792-225-9791,2 Elka Plaza
CUSID968,Shaine,Kirtland,Male,skirtlandqv@weebly.com,512-985-8224,671 Ryan Avenue
CUSID969,Saraann,O'Kerin,Female,sokerinqw@e-recht24.de,811-369-9938,17 Monterey Terrace
CUSID970,Gary,Merkle,Male,gmerkleqx@chron.com,660-613-7229,9 Dwight Road
CUSID971,Homerus,Sargood,Male,hsargoodqy@i2i.jp,281-571-7826,981 Arapahoe Avenue
CUSID972,Kailey,Bocking,Female,kbockingqz@free.fr,334-997-2643,63 Dryden Circle
CUSID973,Caren,Grinston,Female,cgrinstonr0@home.pl,813-573-2812,0354 Sundown Crossing
CUSID974,Mady,Chene,Female,mchener1@noaa.gov,445-911-0818,1384 Orin Plaza
CUSID975,Grange,Lepope,Male,glepoper2@stanford.edu,473-264-9860,1 Hermina Plaza
CUSID976,Paddie,Beau,Male,pbeaur3@flavors.me,890-387-7904,5 Hollow Ridge Drive
CUSID977,Jolynn,Eason,Polygender,jeasonr4@angelfire.com,780-746-6080,576 International Point
CUSID978,Myer,Cleaton,Genderfluid,mcleatonr5@networkadvertising.org,121-460-3258,517 Roxbury Trail
CUSID979,Hersh,McGaugey,Male,hmcgaugeyr6@nationalgeographic.com,188-945-8405,6 Jackson Lane
CUSID980,Daffi,Caston,Bigender,dcastonr7@sbwire.com,388-585-6866,9635 Jackson Center
CUSID981,Elsey,Ketton,Female,ekettonr8@elpais.com,588-251-6956,7058 American Ash Hill
CUSID982,Lowell,Gellert,Male,lgellertr9@nps.gov,765-113-5568,9 Dahle Drive
CUSID983,Augustus,Behan,Male,abehanra@slideshare.net,885-815-0225,9663 Cambridge Hill
CUSID984,Kimble,Deathridge,Male,kdeathridgerb@japanpost.jp,182-930-5950,38760 Ruskin Park
CUSID985,Gelya,Dargavel,Female,gdargavelrc@ocn.ne.jp,744-628-7672,6 Merchant Junction
CUSID986,Aguistin,Yearsley,Male,ayearsleyrd@nbcnews.com,823-924-6037,08 Eastlawn Drive
CUSID987,Gunther,Londesborough,Male,glondesboroughre@ed.gov,779-401-9559,55 Pierstorff Park
CUSID988,Mary,McCarty,Female,mmccartyrf@dyndns.org,897-764-1556,29 Buena Vista Avenue
CUSID989,Vinny,Carlow,Male,vcarlowrg@boston.com,551-582-8438,78 Schmedeman Pass
CUSID990,Harlen,Grabbam,Male,hgrabbamrh@unc.edu,835-666-6030,66479 Merry Point
CUSID991,Brander,Llewhellin,Male,bllewhellinri@google.com.br,577-619-0434,9674 Buhler Alley
CUSID992,Gypsy,Triplett,Female,gtriplettrj@utexas.edu,365-362-7685,25881 Fallview Lane
CUSID993,Jacquelin,Bruggen,Female,jbruggenrk@freewebs.com,789-331-5075,96347 Old Shore Court
CUSID994,Tan,Deer,Male,tdeerrl@tinypic.com,502-241-6926,6 Manley Avenue
CUSID995,Ode,Sweetmore,Male,osweetmorerm@china.com.cn,243-645-5091,466 Macpherson Road
CUSID996,Rosalinde,Rampton,Female,rramptonrn@amazonaws.com,210-884-9115,4892 Crescent Oaks Avenue
CUSID997,Anissa,Ilyuchyov,Female,ailyuchyovro@who.int,956-694-7483,3982 La Follette Way
CUSID998,Lark,Rapo,Female,lraporp@pagesperso-orange.fr,352-723-2995,25885 Namekagon Junction
CUSID999,Lilla,Hullett,Female,lhullettrq@auda.org.au,527-862-1709,7196 Green Ridge Lane
